Frame,Compared_To,RMSD,Category
1,Frame 1,0.000000,<=2 Ĺ
1,Frame 2,0.000000,<=2 Ĺ
2,Frame 1,0.000000,<=2 Ĺ
2,Frame 2,0.000000,<=2 Ĺ
3,Frame 1,2.308597,2-3 Ĺ
3,Frame 2,2.308597,2-3 Ĺ
4,Frame 1,2.166696,2-3 Ĺ
4,Frame 2,2.166696,2-3 Ĺ
5,Frame 1,2.238443,2-3 Ĺ
5,Frame 2,2.238443,2-3 Ĺ
6,Frame 1,2.437304,2-3 Ĺ
6,Frame 2,2.437304,2-3 Ĺ
7,Frame 1,2.245797,2-3 Ĺ
7,Frame 2,2.245797,2-3 Ĺ
8,Frame 1,2.361336,2-3 Ĺ
8,Frame 2,2.361336,2-3 Ĺ
9,Frame 1,2.455697,2-3 Ĺ
9,Frame 2,2.455697,2-3 Ĺ
10,Frame 1,2.118081,2-3 Ĺ
10,Frame 2,2.118081,2-3 Ĺ
11,Frame 1,2.524855,2-3 Ĺ
11,Frame 2,2.524855,2-3 Ĺ
12,Frame 1,2.334218,2-3 Ĺ
12,Frame 2,2.334218,2-3 Ĺ
13,Frame 1,2.153034,2-3 Ĺ
13,Frame 2,2.153034,2-3 Ĺ
14,Frame 1,2.250203,2-3 Ĺ
14,Frame 2,2.250203,2-3 Ĺ
15,Frame 1,2.247501,2-3 Ĺ
15,Frame 2,2.247501,2-3 Ĺ
16,Frame 1,2.276732,2-3 Ĺ
16,Frame 2,2.276732,2-3 Ĺ
17,Frame 1,2.298133,2-3 Ĺ
17,Frame 2,2.298133,2-3 Ĺ
18,Frame 1,2.585036,2-3 Ĺ
18,Frame 2,2.585036,2-3 Ĺ
19,Frame 1,2.474108,2-3 Ĺ
19,Frame 2,2.474108,2-3 Ĺ
20,Frame 1,2.507813,2-3 Ĺ
20,Frame 2,2.507813,2-3 Ĺ
21,Frame 1,2.379646,2-3 Ĺ
21,Frame 2,2.379646,2-3 Ĺ
22,Frame 1,2.341547,2-3 Ĺ
22,Frame 2,2.341547,2-3 Ĺ
23,Frame 1,2.511493,2-3 Ĺ
23,Frame 2,2.511493,2-3 Ĺ
24,Frame 1,2.400737,2-3 Ĺ
24,Frame 2,2.400737,2-3 Ĺ
25,Frame 1,2.508663,2-3 Ĺ
25,Frame 2,2.508663,2-3 Ĺ
26,Frame 1,2.724130,2-3 Ĺ
26,Frame 2,2.724130,2-3 Ĺ
27,Frame 1,2.538924,2-3 Ĺ
27,Frame 2,2.538924,2-3 Ĺ
28,Frame 1,2.450702,2-3 Ĺ
28,Frame 2,2.450702,2-3 Ĺ
29,Frame 1,2.773154,2-3 Ĺ
29,Frame 2,2.773154,2-3 Ĺ
30,Frame 1,2.945603,2-3 Ĺ
30,Frame 2,2.945603,2-3 Ĺ
31,Frame 1,2.723695,2-3 Ĺ
31,Frame 2,2.723695,2-3 Ĺ
32,Frame 1,2.850438,2-3 Ĺ
32,Frame 2,2.850438,2-3 Ĺ
33,Frame 1,2.758316,2-3 Ĺ
33,Frame 2,2.758316,2-3 Ĺ
34,Frame 1,2.794221,2-3 Ĺ
34,Frame 2,2.794221,2-3 Ĺ
35,Frame 1,2.730830,2-3 Ĺ
35,Frame 2,2.730830,2-3 Ĺ
36,Frame 1,2.661147,2-3 Ĺ
36,Frame 2,2.661147,2-3 Ĺ
37,Frame 1,2.710136,2-3 Ĺ
37,Frame 2,2.710136,2-3 Ĺ
38,Frame 1,2.955212,2-3 Ĺ
38,Frame 2,2.955212,2-3 Ĺ
39,Frame 1,2.902107,2-3 Ĺ
39,Frame 2,2.902107,2-3 Ĺ
40,Frame 1,2.850738,2-3 Ĺ
40,Frame 2,2.850738,2-3 Ĺ
41,Frame 1,2.880810,2-3 Ĺ
41,Frame 2,2.880810,2-3 Ĺ
42,Frame 1,2.912517,2-3 Ĺ
42,Frame 2,2.912517,2-3 Ĺ
43,Frame 1,2.890487,2-3 Ĺ
43,Frame 2,2.890487,2-3 Ĺ
44,Frame 1,2.906351,2-3 Ĺ
44,Frame 2,2.906351,2-3 Ĺ
45,Frame 1,2.902645,2-3 Ĺ
45,Frame 2,2.902645,2-3 Ĺ
46,Frame 1,2.996864,2-3 Ĺ
46,Frame 2,2.996864,2-3 Ĺ
47,Frame 1,2.915816,2-3 Ĺ
47,Frame 2,2.915816,2-3 Ĺ
48,Frame 1,2.925165,2-3 Ĺ
48,Frame 2,2.925165,2-3 Ĺ
49,Frame 1,2.836787,2-3 Ĺ
49,Frame 2,2.836787,2-3 Ĺ
50,Frame 1,2.780059,2-3 Ĺ
50,Frame 2,2.780059,2-3 Ĺ
51,Frame 1,2.759236,2-3 Ĺ
51,Frame 2,2.759236,2-3 Ĺ
52,Frame 1,2.662546,2-3 Ĺ
52,Frame 2,2.662546,2-3 Ĺ
53,Frame 1,2.995701,2-3 Ĺ
53,Frame 2,2.995701,2-3 Ĺ
54,Frame 1,2.945375,2-3 Ĺ
54,Frame 2,2.945375,2-3 Ĺ
55,Frame 1,2.869341,2-3 Ĺ
55,Frame 2,2.869341,2-3 Ĺ
56,Frame 1,3.082540,3-4 Ĺ
56,Frame 2,3.082540,3-4 Ĺ
57,Frame 1,2.915930,2-3 Ĺ
57,Frame 2,2.915930,2-3 Ĺ
58,Frame 1,2.890627,2-3 Ĺ
58,Frame 2,2.890627,2-3 Ĺ
59,Frame 1,2.946821,2-3 Ĺ
59,Frame 2,2.946821,2-3 Ĺ
60,Frame 1,2.930499,2-3 Ĺ
60,Frame 2,2.930499,2-3 Ĺ
61,Frame 1,2.945652,2-3 Ĺ
61,Frame 2,2.945652,2-3 Ĺ
62,Frame 1,2.887221,2-3 Ĺ
62,Frame 2,2.887221,2-3 Ĺ
63,Frame 1,3.046559,3-4 Ĺ
63,Frame 2,3.046559,3-4 Ĺ
64,Frame 1,2.905488,2-3 Ĺ
64,Frame 2,2.905488,2-3 Ĺ
65,Frame 1,2.857672,2-3 Ĺ
65,Frame 2,2.857672,2-3 Ĺ
66,Frame 1,3.258789,3-4 Ĺ
66,Frame 2,3.258789,3-4 Ĺ
67,Frame 1,2.900623,2-3 Ĺ
67,Frame 2,2.900623,2-3 Ĺ
68,Frame 1,3.207382,3-4 Ĺ
68,Frame 2,3.207382,3-4 Ĺ
69,Frame 1,3.005248,3-4 Ĺ
69,Frame 2,3.005248,3-4 Ĺ
70,Frame 1,2.857106,2-3 Ĺ
70,Frame 2,2.857106,2-3 Ĺ
71,Frame 1,2.705896,2-3 Ĺ
71,Frame 2,2.705896,2-3 Ĺ
72,Frame 1,2.850333,2-3 Ĺ
72,Frame 2,2.850333,2-3 Ĺ
73,Frame 1,3.178269,3-4 Ĺ
73,Frame 2,3.178269,3-4 Ĺ
74,Frame 1,2.880241,2-3 Ĺ
74,Frame 2,2.880241,2-3 Ĺ
75,Frame 1,3.155002,3-4 Ĺ
75,Frame 2,3.155002,3-4 Ĺ
76,Frame 1,2.822287,2-3 Ĺ
76,Frame 2,2.822287,2-3 Ĺ
77,Frame 1,2.852640,2-3 Ĺ
77,Frame 2,2.852640,2-3 Ĺ
78,Frame 1,3.112817,3-4 Ĺ
78,Frame 2,3.112817,3-4 Ĺ
79,Frame 1,3.098435,3-4 Ĺ
79,Frame 2,3.098435,3-4 Ĺ
80,Frame 1,3.105266,3-4 Ĺ
80,Frame 2,3.105266,3-4 Ĺ
81,Frame 1,3.345075,3-4 Ĺ
81,Frame 2,3.345075,3-4 Ĺ
82,Frame 1,3.141816,3-4 Ĺ
82,Frame 2,3.141816,3-4 Ĺ
83,Frame 1,3.125653,3-4 Ĺ
83,Frame 2,3.125653,3-4 Ĺ
84,Frame 1,3.359189,3-4 Ĺ
84,Frame 2,3.359189,3-4 Ĺ
85,Frame 1,3.486349,3-4 Ĺ
85,Frame 2,3.486349,3-4 Ĺ
86,Frame 1,3.154281,3-4 Ĺ
86,Frame 2,3.154281,3-4 Ĺ
87,Frame 1,3.342277,3-4 Ĺ
87,Frame 2,3.342277,3-4 Ĺ
88,Frame 1,3.378165,3-4 Ĺ
88,Frame 2,3.378165,3-4 Ĺ
89,Frame 1,3.062284,3-4 Ĺ
89,Frame 2,3.062284,3-4 Ĺ
90,Frame 1,3.321749,3-4 Ĺ
90,Frame 2,3.321749,3-4 Ĺ
91,Frame 1,2.966348,2-3 Ĺ
91,Frame 2,2.966348,2-3 Ĺ
92,Frame 1,2.998015,2-3 Ĺ
92,Frame 2,2.998015,2-3 Ĺ
93,Frame 1,3.045249,3-4 Ĺ
93,Frame 2,3.045249,3-4 Ĺ
94,Frame 1,2.929562,2-3 Ĺ
94,Frame 2,2.929562,2-3 Ĺ
95,Frame 1,2.985358,2-3 Ĺ
95,Frame 2,2.985358,2-3 Ĺ
96,Frame 1,2.981493,2-3 Ĺ
96,Frame 2,2.981493,2-3 Ĺ
97,Frame 1,2.981142,2-3 Ĺ
97,Frame 2,2.981142,2-3 Ĺ
98,Frame 1,3.224340,3-4 Ĺ
98,Frame 2,3.224340,3-4 Ĺ
99,Frame 1,3.218111,3-4 Ĺ
99,Frame 2,3.218111,3-4 Ĺ
100,Frame 1,3.253919,3-4 Ĺ
100,Frame 2,3.253919,3-4 Ĺ
101,Frame 1,3.087651,3-4 Ĺ
101,Frame 2,3.087651,3-4 Ĺ
102,Frame 1,3.236664,3-4 Ĺ
102,Frame 2,3.236664,3-4 Ĺ
103,Frame 1,3.075420,3-4 Ĺ
103,Frame 2,3.075420,3-4 Ĺ
104,Frame 1,3.261336,3-4 Ĺ
104,Frame 2,3.261336,3-4 Ĺ
105,Frame 1,3.184041,3-4 Ĺ
105,Frame 2,3.184041,3-4 Ĺ
106,Frame 1,2.986019,2-3 Ĺ
106,Frame 2,2.986019,2-3 Ĺ
107,Frame 1,2.886333,2-3 Ĺ
107,Frame 2,2.886333,2-3 Ĺ
108,Frame 1,2.852754,2-3 Ĺ
108,Frame 2,2.852754,2-3 Ĺ
109,Frame 1,3.097985,3-4 Ĺ
109,Frame 2,3.097985,3-4 Ĺ
110,Frame 1,2.974602,2-3 Ĺ
110,Frame 2,2.974602,2-3 Ĺ
111,Frame 1,2.993997,2-3 Ĺ
111,Frame 2,2.993997,2-3 Ĺ
112,Frame 1,3.005573,3-4 Ĺ
112,Frame 2,3.005573,3-4 Ĺ
113,Frame 1,2.984511,2-3 Ĺ
113,Frame 2,2.984511,2-3 Ĺ
114,Frame 1,3.061164,3-4 Ĺ
114,Frame 2,3.061164,3-4 Ĺ
115,Frame 1,2.869799,2-3 Ĺ
115,Frame 2,2.869799,2-3 Ĺ
116,Frame 1,2.911904,2-3 Ĺ
116,Frame 2,2.911904,2-3 Ĺ
117,Frame 1,3.146846,3-4 Ĺ
117,Frame 2,3.146846,3-4 Ĺ
118,Frame 1,2.872090,2-3 Ĺ
118,Frame 2,2.872090,2-3 Ĺ
119,Frame 1,3.056183,3-4 Ĺ
119,Frame 2,3.056183,3-4 Ĺ
120,Frame 1,3.182761,3-4 Ĺ
120,Frame 2,3.182761,3-4 Ĺ
121,Frame 1,3.018337,3-4 Ĺ
121,Frame 2,3.018337,3-4 Ĺ
122,Frame 1,3.114431,3-4 Ĺ
122,Frame 2,3.114431,3-4 Ĺ
123,Frame 1,3.047527,3-4 Ĺ
123,Frame 2,3.047527,3-4 Ĺ
124,Frame 1,3.091763,3-4 Ĺ
124,Frame 2,3.091763,3-4 Ĺ
125,Frame 1,3.031250,3-4 Ĺ
125,Frame 2,3.031250,3-4 Ĺ
126,Frame 1,3.131395,3-4 Ĺ
126,Frame 2,3.131395,3-4 Ĺ
127,Frame 1,3.122154,3-4 Ĺ
127,Frame 2,3.122154,3-4 Ĺ
128,Frame 1,3.157484,3-4 Ĺ
128,Frame 2,3.157484,3-4 Ĺ
129,Frame 1,3.030737,3-4 Ĺ
129,Frame 2,3.030737,3-4 Ĺ
130,Frame 1,3.298763,3-4 Ĺ
130,Frame 2,3.298763,3-4 Ĺ
131,Frame 1,2.975501,2-3 Ĺ
131,Frame 2,2.975501,2-3 Ĺ
132,Frame 1,3.170517,3-4 Ĺ
132,Frame 2,3.170517,3-4 Ĺ
133,Frame 1,3.232338,3-4 Ĺ
133,Frame 2,3.232338,3-4 Ĺ
134,Frame 1,3.300170,3-4 Ĺ
134,Frame 2,3.300170,3-4 Ĺ
135,Frame 1,3.177314,3-4 Ĺ
135,Frame 2,3.177314,3-4 Ĺ
136,Frame 1,2.992997,2-3 Ĺ
136,Frame 2,2.992997,2-3 Ĺ
137,Frame 1,3.189034,3-4 Ĺ
137,Frame 2,3.189034,3-4 Ĺ
138,Frame 1,3.052327,3-4 Ĺ
138,Frame 2,3.052327,3-4 Ĺ
139,Frame 1,3.136231,3-4 Ĺ
139,Frame 2,3.136231,3-4 Ĺ
140,Frame 1,3.076733,3-4 Ĺ
140,Frame 2,3.076733,3-4 Ĺ
141,Frame 1,2.980546,2-3 Ĺ
141,Frame 2,2.980546,2-3 Ĺ
142,Frame 1,3.090569,3-4 Ĺ
142,Frame 2,3.090569,3-4 Ĺ
143,Frame 1,2.951420,2-3 Ĺ
143,Frame 2,2.951420,2-3 Ĺ
144,Frame 1,3.164134,3-4 Ĺ
144,Frame 2,3.164134,3-4 Ĺ
145,Frame 1,3.022685,3-4 Ĺ
145,Frame 2,3.022685,3-4 Ĺ
146,Frame 1,3.018656,3-4 Ĺ
146,Frame 2,3.018656,3-4 Ĺ
147,Frame 1,3.023420,3-4 Ĺ
147,Frame 2,3.023420,3-4 Ĺ
148,Frame 1,3.071965,3-4 Ĺ
148,Frame 2,3.071965,3-4 Ĺ
149,Frame 1,3.049957,3-4 Ĺ
149,Frame 2,3.049957,3-4 Ĺ
150,Frame 1,3.086932,3-4 Ĺ
150,Frame 2,3.086932,3-4 Ĺ
151,Frame 1,3.328466,3-4 Ĺ
151,Frame 2,3.328466,3-4 Ĺ
152,Frame 1,3.071699,3-4 Ĺ
152,Frame 2,3.071699,3-4 Ĺ
153,Frame 1,2.979804,2-3 Ĺ
153,Frame 2,2.979804,2-3 Ĺ
154,Frame 1,3.071925,3-4 Ĺ
154,Frame 2,3.071925,3-4 Ĺ
155,Frame 1,2.961476,2-3 Ĺ
155,Frame 2,2.961476,2-3 Ĺ
156,Frame 1,3.085094,3-4 Ĺ
156,Frame 2,3.085094,3-4 Ĺ
157,Frame 1,2.997400,2-3 Ĺ
157,Frame 2,2.997400,2-3 Ĺ
158,Frame 1,3.154498,3-4 Ĺ
158,Frame 2,3.154498,3-4 Ĺ
159,Frame 1,3.303267,3-4 Ĺ
159,Frame 2,3.303267,3-4 Ĺ
160,Frame 1,3.231329,3-4 Ĺ
160,Frame 2,3.231329,3-4 Ĺ
161,Frame 1,3.028327,3-4 Ĺ
161,Frame 2,3.028327,3-4 Ĺ
162,Frame 1,3.216495,3-4 Ĺ
162,Frame 2,3.216495,3-4 Ĺ
163,Frame 1,3.171493,3-4 Ĺ
163,Frame 2,3.171493,3-4 Ĺ
164,Frame 1,3.051215,3-4 Ĺ
164,Frame 2,3.051215,3-4 Ĺ
165,Frame 1,3.085758,3-4 Ĺ
165,Frame 2,3.085758,3-4 Ĺ
166,Frame 1,3.326926,3-4 Ĺ
166,Frame 2,3.326926,3-4 Ĺ
167,Frame 1,3.264754,3-4 Ĺ
167,Frame 2,3.264754,3-4 Ĺ
168,Frame 1,3.268342,3-4 Ĺ
168,Frame 2,3.268342,3-4 Ĺ
169,Frame 1,3.011972,3-4 Ĺ
169,Frame 2,3.011972,3-4 Ĺ
170,Frame 1,3.149548,3-4 Ĺ
170,Frame 2,3.149548,3-4 Ĺ
171,Frame 1,3.261209,3-4 Ĺ
171,Frame 2,3.261209,3-4 Ĺ
172,Frame 1,3.085696,3-4 Ĺ
172,Frame 2,3.085696,3-4 Ĺ
173,Frame 1,3.216612,3-4 Ĺ
173,Frame 2,3.216612,3-4 Ĺ
174,Frame 1,3.141874,3-4 Ĺ
174,Frame 2,3.141874,3-4 Ĺ
175,Frame 1,3.119968,3-4 Ĺ
175,Frame 2,3.119968,3-4 Ĺ
176,Frame 1,3.196036,3-4 Ĺ
176,Frame 2,3.196036,3-4 Ĺ
177,Frame 1,3.188475,3-4 Ĺ
177,Frame 2,3.188475,3-4 Ĺ
178,Frame 1,3.299314,3-4 Ĺ
178,Frame 2,3.299314,3-4 Ĺ
179,Frame 1,3.224888,3-4 Ĺ
179,Frame 2,3.224888,3-4 Ĺ
180,Frame 1,3.099097,3-4 Ĺ
180,Frame 2,3.099097,3-4 Ĺ
181,Frame 1,3.041412,3-4 Ĺ
181,Frame 2,3.041412,3-4 Ĺ
182,Frame 1,3.198073,3-4 Ĺ
182,Frame 2,3.198073,3-4 Ĺ
183,Frame 1,3.132204,3-4 Ĺ
183,Frame 2,3.132204,3-4 Ĺ
184,Frame 1,3.208945,3-4 Ĺ
184,Frame 2,3.208945,3-4 Ĺ
185,Frame 1,3.164087,3-4 Ĺ
185,Frame 2,3.164087,3-4 Ĺ
186,Frame 1,3.174471,3-4 Ĺ
186,Frame 2,3.174471,3-4 Ĺ
187,Frame 1,3.366052,3-4 Ĺ
187,Frame 2,3.366052,3-4 Ĺ
188,Frame 1,3.209142,3-4 Ĺ
188,Frame 2,3.209142,3-4 Ĺ
189,Frame 1,3.408949,3-4 Ĺ
189,Frame 2,3.408949,3-4 Ĺ
190,Frame 1,3.388702,3-4 Ĺ
190,Frame 2,3.388702,3-4 Ĺ
191,Frame 1,3.339004,3-4 Ĺ
191,Frame 2,3.339004,3-4 Ĺ
192,Frame 1,3.178941,3-4 Ĺ
192,Frame 2,3.178941,3-4 Ĺ
193,Frame 1,3.460460,3-4 Ĺ
193,Frame 2,3.460460,3-4 Ĺ
194,Frame 1,3.176384,3-4 Ĺ
194,Frame 2,3.176384,3-4 Ĺ
195,Frame 1,3.254118,3-4 Ĺ
195,Frame 2,3.254118,3-4 Ĺ
196,Frame 1,3.337445,3-4 Ĺ
196,Frame 2,3.337445,3-4 Ĺ
197,Frame 1,3.388966,3-4 Ĺ
197,Frame 2,3.388966,3-4 Ĺ
198,Frame 1,3.222415,3-4 Ĺ
198,Frame 2,3.222415,3-4 Ĺ
199,Frame 1,3.228865,3-4 Ĺ
199,Frame 2,3.228865,3-4 Ĺ
200,Frame 1,3.040462,3-4 Ĺ
200,Frame 2,3.040462,3-4 Ĺ
201,Frame 1,3.012110,3-4 Ĺ
201,Frame 2,3.012110,3-4 Ĺ
202,Frame 1,3.235004,3-4 Ĺ
202,Frame 2,3.235004,3-4 Ĺ
203,Frame 1,3.237493,3-4 Ĺ
203,Frame 2,3.237493,3-4 Ĺ
204,Frame 1,3.165304,3-4 Ĺ
204,Frame 2,3.165304,3-4 Ĺ
205,Frame 1,3.414787,3-4 Ĺ
205,Frame 2,3.414787,3-4 Ĺ
206,Frame 1,3.350333,3-4 Ĺ
206,Frame 2,3.350333,3-4 Ĺ
207,Frame 1,3.484993,3-4 Ĺ
207,Frame 2,3.484993,3-4 Ĺ
208,Frame 1,3.447445,3-4 Ĺ
208,Frame 2,3.447445,3-4 Ĺ
209,Frame 1,3.988808,3-4 Ĺ
209,Frame 2,3.988808,3-4 Ĺ
210,Frame 1,3.502533,3-4 Ĺ
210,Frame 2,3.502533,3-4 Ĺ
211,Frame 1,3.421154,3-4 Ĺ
211,Frame 2,3.421154,3-4 Ĺ
212,Frame 1,3.390512,3-4 Ĺ
212,Frame 2,3.390512,3-4 Ĺ
213,Frame 1,3.557497,3-4 Ĺ
213,Frame 2,3.557497,3-4 Ĺ
214,Frame 1,3.654177,3-4 Ĺ
214,Frame 2,3.654177,3-4 Ĺ
215,Frame 1,3.473033,3-4 Ĺ
215,Frame 2,3.473033,3-4 Ĺ
216,Frame 1,3.613722,3-4 Ĺ
216,Frame 2,3.613722,3-4 Ĺ
217,Frame 1,3.366498,3-4 Ĺ
217,Frame 2,3.366498,3-4 Ĺ
218,Frame 1,3.882947,3-4 Ĺ
218,Frame 2,3.882947,3-4 Ĺ
219,Frame 1,3.970680,3-4 Ĺ
219,Frame 2,3.970680,3-4 Ĺ
220,Frame 1,3.943855,3-4 Ĺ
220,Frame 2,3.943855,3-4 Ĺ
221,Frame 1,4.170266,4-5 Ĺ
221,Frame 2,4.170266,4-5 Ĺ
222,Frame 1,4.290552,4-5 Ĺ
222,Frame 2,4.290552,4-5 Ĺ
223,Frame 1,4.045492,4-5 Ĺ
223,Frame 2,4.045492,4-5 Ĺ
224,Frame 1,4.027664,4-5 Ĺ
224,Frame 2,4.027664,4-5 Ĺ
225,Frame 1,4.064548,4-5 Ĺ
225,Frame 2,4.064548,4-5 Ĺ
226,Frame 1,4.228179,4-5 Ĺ
226,Frame 2,4.228179,4-5 Ĺ
227,Frame 1,4.112239,4-5 Ĺ
227,Frame 2,4.112239,4-5 Ĺ
228,Frame 1,4.086939,4-5 Ĺ
228,Frame 2,4.086939,4-5 Ĺ
229,Frame 1,4.102359,4-5 Ĺ
229,Frame 2,4.102359,4-5 Ĺ
230,Frame 1,4.167759,4-5 Ĺ
230,Frame 2,4.167759,4-5 Ĺ
231,Frame 1,3.812520,3-4 Ĺ
231,Frame 2,3.812520,3-4 Ĺ
232,Frame 1,3.782485,3-4 Ĺ
232,Frame 2,3.782485,3-4 Ĺ
233,Frame 1,3.928007,3-4 Ĺ
233,Frame 2,3.928007,3-4 Ĺ
234,Frame 1,4.001383,4-5 Ĺ
234,Frame 2,4.001383,4-5 Ĺ
235,Frame 1,3.924109,3-4 Ĺ
235,Frame 2,3.924109,3-4 Ĺ
236,Frame 1,3.767793,3-4 Ĺ
236,Frame 2,3.767793,3-4 Ĺ
237,Frame 1,3.822154,3-4 Ĺ
237,Frame 2,3.822154,3-4 Ĺ
238,Frame 1,3.651857,3-4 Ĺ
238,Frame 2,3.651857,3-4 Ĺ
239,Frame 1,3.710878,3-4 Ĺ
239,Frame 2,3.710878,3-4 Ĺ
240,Frame 1,3.848764,3-4 Ĺ
240,Frame 2,3.848764,3-4 Ĺ
241,Frame 1,3.663064,3-4 Ĺ
241,Frame 2,3.663064,3-4 Ĺ
242,Frame 1,3.889508,3-4 Ĺ
242,Frame 2,3.889508,3-4 Ĺ
243,Frame 1,3.694975,3-4 Ĺ
243,Frame 2,3.694975,3-4 Ĺ
244,Frame 1,3.807537,3-4 Ĺ
244,Frame 2,3.807537,3-4 Ĺ
245,Frame 1,3.647584,3-4 Ĺ
245,Frame 2,3.647584,3-4 Ĺ
246,Frame 1,3.720990,3-4 Ĺ
246,Frame 2,3.720990,3-4 Ĺ
247,Frame 1,3.885867,3-4 Ĺ
247,Frame 2,3.885867,3-4 Ĺ
248,Frame 1,3.858585,3-4 Ĺ
248,Frame 2,3.858585,3-4 Ĺ
249,Frame 1,3.629422,3-4 Ĺ
249,Frame 2,3.629422,3-4 Ĺ
250,Frame 1,3.848270,3-4 Ĺ
250,Frame 2,3.848270,3-4 Ĺ
251,Frame 1,3.704424,3-4 Ĺ
251,Frame 2,3.704424,3-4 Ĺ
252,Frame 1,3.795401,3-4 Ĺ
252,Frame 2,3.795401,3-4 Ĺ
253,Frame 1,3.711802,3-4 Ĺ
253,Frame 2,3.711802,3-4 Ĺ
254,Frame 1,3.499410,3-4 Ĺ
254,Frame 2,3.499410,3-4 Ĺ
255,Frame 1,3.601733,3-4 Ĺ
255,Frame 2,3.601733,3-4 Ĺ
256,Frame 1,3.646013,3-4 Ĺ
256,Frame 2,3.646013,3-4 Ĺ
257,Frame 1,3.757863,3-4 Ĺ
257,Frame 2,3.757863,3-4 Ĺ
258,Frame 1,3.684368,3-4 Ĺ
258,Frame 2,3.684368,3-4 Ĺ
259,Frame 1,3.645874,3-4 Ĺ
259,Frame 2,3.645874,3-4 Ĺ
260,Frame 1,3.682040,3-4 Ĺ
260,Frame 2,3.682040,3-4 Ĺ
261,Frame 1,3.716022,3-4 Ĺ
261,Frame 2,3.716022,3-4 Ĺ
262,Frame 1,3.683623,3-4 Ĺ
262,Frame 2,3.683623,3-4 Ĺ
263,Frame 1,3.615917,3-4 Ĺ
263,Frame 2,3.615917,3-4 Ĺ
264,Frame 1,3.637641,3-4 Ĺ
264,Frame 2,3.637641,3-4 Ĺ
265,Frame 1,3.777548,3-4 Ĺ
265,Frame 2,3.777548,3-4 Ĺ
266,Frame 1,3.775493,3-4 Ĺ
266,Frame 2,3.775493,3-4 Ĺ
267,Frame 1,3.664035,3-4 Ĺ
267,Frame 2,3.664035,3-4 Ĺ
268,Frame 1,3.837555,3-4 Ĺ
268,Frame 2,3.837555,3-4 Ĺ
269,Frame 1,3.869389,3-4 Ĺ
269,Frame 2,3.869389,3-4 Ĺ
270,Frame 1,3.542043,3-4 Ĺ
270,Frame 2,3.542043,3-4 Ĺ
271,Frame 1,4.038424,4-5 Ĺ
271,Frame 2,4.038424,4-5 Ĺ
272,Frame 1,3.714131,3-4 Ĺ
272,Frame 2,3.714131,3-4 Ĺ
273,Frame 1,3.730192,3-4 Ĺ
273,Frame 2,3.730192,3-4 Ĺ
274,Frame 1,3.885949,3-4 Ĺ
274,Frame 2,3.885949,3-4 Ĺ
275,Frame 1,3.665157,3-4 Ĺ
275,Frame 2,3.665157,3-4 Ĺ
276,Frame 1,3.743691,3-4 Ĺ
276,Frame 2,3.743691,3-4 Ĺ
277,Frame 1,3.959154,3-4 Ĺ
277,Frame 2,3.959154,3-4 Ĺ
278,Frame 1,3.852399,3-4 Ĺ
278,Frame 2,3.852399,3-4 Ĺ
279,Frame 1,3.859385,3-4 Ĺ
279,Frame 2,3.859385,3-4 Ĺ
280,Frame 1,3.855186,3-4 Ĺ
280,Frame 2,3.855186,3-4 Ĺ
281,Frame 1,3.713573,3-4 Ĺ
281,Frame 2,3.713573,3-4 Ĺ
282,Frame 1,3.651036,3-4 Ĺ
282,Frame 2,3.651036,3-4 Ĺ
283,Frame 1,3.411898,3-4 Ĺ
283,Frame 2,3.411898,3-4 Ĺ
284,Frame 1,3.654609,3-4 Ĺ
284,Frame 2,3.654609,3-4 Ĺ
285,Frame 1,3.622893,3-4 Ĺ
285,Frame 2,3.622893,3-4 Ĺ
286,Frame 1,3.647867,3-4 Ĺ
286,Frame 2,3.647867,3-4 Ĺ
287,Frame 1,3.632595,3-4 Ĺ
287,Frame 2,3.632595,3-4 Ĺ
288,Frame 1,3.841557,3-4 Ĺ
288,Frame 2,3.841557,3-4 Ĺ
289,Frame 1,3.605389,3-4 Ĺ
289,Frame 2,3.605389,3-4 Ĺ
290,Frame 1,3.429713,3-4 Ĺ
290,Frame 2,3.429713,3-4 Ĺ
291,Frame 1,3.526750,3-4 Ĺ
291,Frame 2,3.526750,3-4 Ĺ
292,Frame 1,3.474777,3-4 Ĺ
292,Frame 2,3.474777,3-4 Ĺ
293,Frame 1,3.610568,3-4 Ĺ
293,Frame 2,3.610568,3-4 Ĺ
294,Frame 1,3.712764,3-4 Ĺ
294,Frame 2,3.712764,3-4 Ĺ
295,Frame 1,3.653626,3-4 Ĺ
295,Frame 2,3.653626,3-4 Ĺ
296,Frame 1,3.504530,3-4 Ĺ
296,Frame 2,3.504530,3-4 Ĺ
297,Frame 1,3.564524,3-4 Ĺ
297,Frame 2,3.564524,3-4 Ĺ
298,Frame 1,3.587312,3-4 Ĺ
298,Frame 2,3.587312,3-4 Ĺ
299,Frame 1,3.587047,3-4 Ĺ
299,Frame 2,3.587047,3-4 Ĺ
300,Frame 1,3.492636,3-4 Ĺ
300,Frame 2,3.492636,3-4 Ĺ
301,Frame 1,3.549205,3-4 Ĺ
301,Frame 2,3.549205,3-4 Ĺ
302,Frame 1,3.616593,3-4 Ĺ
302,Frame 2,3.616593,3-4 Ĺ
303,Frame 1,3.457422,3-4 Ĺ
303,Frame 2,3.457422,3-4 Ĺ
304,Frame 1,3.360687,3-4 Ĺ
304,Frame 2,3.360687,3-4 Ĺ
305,Frame 1,3.717195,3-4 Ĺ
305,Frame 2,3.717195,3-4 Ĺ
306,Frame 1,3.841329,3-4 Ĺ
306,Frame 2,3.841329,3-4 Ĺ
307,Frame 1,3.705003,3-4 Ĺ
307,Frame 2,3.705003,3-4 Ĺ
308,Frame 1,3.692722,3-4 Ĺ
308,Frame 2,3.692722,3-4 Ĺ
309,Frame 1,3.887362,3-4 Ĺ
309,Frame 2,3.887362,3-4 Ĺ
310,Frame 1,3.603192,3-4 Ĺ
310,Frame 2,3.603192,3-4 Ĺ
311,Frame 1,3.566456,3-4 Ĺ
311,Frame 2,3.566456,3-4 Ĺ
312,Frame 1,3.502043,3-4 Ĺ
312,Frame 2,3.502043,3-4 Ĺ
313,Frame 1,3.464689,3-4 Ĺ
313,Frame 2,3.464689,3-4 Ĺ
314,Frame 1,3.539018,3-4 Ĺ
314,Frame 2,3.539018,3-4 Ĺ
315,Frame 1,3.678148,3-4 Ĺ
315,Frame 2,3.678148,3-4 Ĺ
316,Frame 1,3.574657,3-4 Ĺ
316,Frame 2,3.574657,3-4 Ĺ
317,Frame 1,3.651051,3-4 Ĺ
317,Frame 2,3.651051,3-4 Ĺ
318,Frame 1,3.557999,3-4 Ĺ
318,Frame 2,3.557999,3-4 Ĺ
319,Frame 1,3.489690,3-4 Ĺ
319,Frame 2,3.489690,3-4 Ĺ
320,Frame 1,3.650446,3-4 Ĺ
320,Frame 2,3.650446,3-4 Ĺ
321,Frame 1,3.581323,3-4 Ĺ
321,Frame 2,3.581323,3-4 Ĺ
322,Frame 1,3.639760,3-4 Ĺ
322,Frame 2,3.639760,3-4 Ĺ
323,Frame 1,3.632962,3-4 Ĺ
323,Frame 2,3.632962,3-4 Ĺ
324,Frame 1,3.579231,3-4 Ĺ
324,Frame 2,3.579231,3-4 Ĺ
325,Frame 1,3.624926,3-4 Ĺ
325,Frame 2,3.624926,3-4 Ĺ
326,Frame 1,3.725347,3-4 Ĺ
326,Frame 2,3.725347,3-4 Ĺ
327,Frame 1,3.616255,3-4 Ĺ
327,Frame 2,3.616255,3-4 Ĺ
328,Frame 1,3.612767,3-4 Ĺ
328,Frame 2,3.612767,3-4 Ĺ
329,Frame 1,3.705685,3-4 Ĺ
329,Frame 2,3.705685,3-4 Ĺ
330,Frame 1,3.640145,3-4 Ĺ
330,Frame 2,3.640145,3-4 Ĺ
331,Frame 1,3.530955,3-4 Ĺ
331,Frame 2,3.530955,3-4 Ĺ
332,Frame 1,3.695695,3-4 Ĺ
332,Frame 2,3.695695,3-4 Ĺ
333,Frame 1,3.630059,3-4 Ĺ
333,Frame 2,3.630059,3-4 Ĺ
334,Frame 1,3.750455,3-4 Ĺ
334,Frame 2,3.750455,3-4 Ĺ
335,Frame 1,3.836224,3-4 Ĺ
335,Frame 2,3.836224,3-4 Ĺ
336,Frame 1,3.867225,3-4 Ĺ
336,Frame 2,3.867225,3-4 Ĺ
337,Frame 1,3.690336,3-4 Ĺ
337,Frame 2,3.690336,3-4 Ĺ
338,Frame 1,3.654060,3-4 Ĺ
338,Frame 2,3.654060,3-4 Ĺ
339,Frame 1,3.780360,3-4 Ĺ
339,Frame 2,3.780360,3-4 Ĺ
340,Frame 1,3.611976,3-4 Ĺ
340,Frame 2,3.611976,3-4 Ĺ
341,Frame 1,3.792983,3-4 Ĺ
341,Frame 2,3.792983,3-4 Ĺ
342,Frame 1,3.874037,3-4 Ĺ
342,Frame 2,3.874037,3-4 Ĺ
343,Frame 1,3.772961,3-4 Ĺ
343,Frame 2,3.772961,3-4 Ĺ
344,Frame 1,3.792727,3-4 Ĺ
344,Frame 2,3.792727,3-4 Ĺ
345,Frame 1,3.754624,3-4 Ĺ
345,Frame 2,3.754624,3-4 Ĺ
346,Frame 1,4.033358,4-5 Ĺ
346,Frame 2,4.033358,4-5 Ĺ
347,Frame 1,4.007399,4-5 Ĺ
347,Frame 2,4.007399,4-5 Ĺ
348,Frame 1,3.706176,3-4 Ĺ
348,Frame 2,3.706176,3-4 Ĺ
349,Frame 1,3.739429,3-4 Ĺ
349,Frame 2,3.739429,3-4 Ĺ
350,Frame 1,3.957370,3-4 Ĺ
350,Frame 2,3.957370,3-4 Ĺ
351,Frame 1,3.690354,3-4 Ĺ
351,Frame 2,3.690354,3-4 Ĺ
352,Frame 1,3.611431,3-4 Ĺ
352,Frame 2,3.611431,3-4 Ĺ
353,Frame 1,3.704969,3-4 Ĺ
353,Frame 2,3.704969,3-4 Ĺ
354,Frame 1,3.655566,3-4 Ĺ
354,Frame 2,3.655566,3-4 Ĺ
355,Frame 1,3.866374,3-4 Ĺ
355,Frame 2,3.866374,3-4 Ĺ
356,Frame 1,3.998105,3-4 Ĺ
356,Frame 2,3.998105,3-4 Ĺ
357,Frame 1,3.526428,3-4 Ĺ
357,Frame 2,3.526428,3-4 Ĺ
358,Frame 1,3.925172,3-4 Ĺ
358,Frame 2,3.925172,3-4 Ĺ
359,Frame 1,3.779892,3-4 Ĺ
359,Frame 2,3.779892,3-4 Ĺ
360,Frame 1,3.642446,3-4 Ĺ
360,Frame 2,3.642446,3-4 Ĺ
361,Frame 1,3.911009,3-4 Ĺ
361,Frame 2,3.911009,3-4 Ĺ
362,Frame 1,3.637837,3-4 Ĺ
362,Frame 2,3.637837,3-4 Ĺ
363,Frame 1,3.540277,3-4 Ĺ
363,Frame 2,3.540277,3-4 Ĺ
364,Frame 1,3.498574,3-4 Ĺ
364,Frame 2,3.498574,3-4 Ĺ
365,Frame 1,3.719839,3-4 Ĺ
365,Frame 2,3.719839,3-4 Ĺ
366,Frame 1,3.609001,3-4 Ĺ
366,Frame 2,3.609001,3-4 Ĺ
367,Frame 1,3.736876,3-4 Ĺ
367,Frame 2,3.736876,3-4 Ĺ
368,Frame 1,3.841460,3-4 Ĺ
368,Frame 2,3.841460,3-4 Ĺ
369,Frame 1,3.648669,3-4 Ĺ
369,Frame 2,3.648669,3-4 Ĺ
370,Frame 1,3.711325,3-4 Ĺ
370,Frame 2,3.711325,3-4 Ĺ
371,Frame 1,3.773098,3-4 Ĺ
371,Frame 2,3.773098,3-4 Ĺ
372,Frame 1,3.876210,3-4 Ĺ
372,Frame 2,3.876210,3-4 Ĺ
373,Frame 1,3.690947,3-4 Ĺ
373,Frame 2,3.690947,3-4 Ĺ
374,Frame 1,3.594677,3-4 Ĺ
374,Frame 2,3.594677,3-4 Ĺ
375,Frame 1,3.719942,3-4 Ĺ
375,Frame 2,3.719942,3-4 Ĺ
376,Frame 1,3.767413,3-4 Ĺ
376,Frame 2,3.767413,3-4 Ĺ
377,Frame 1,3.700313,3-4 Ĺ
377,Frame 2,3.700313,3-4 Ĺ
378,Frame 1,3.603572,3-4 Ĺ
378,Frame 2,3.603572,3-4 Ĺ
379,Frame 1,3.899313,3-4 Ĺ
379,Frame 2,3.899313,3-4 Ĺ
380,Frame 1,3.617813,3-4 Ĺ
380,Frame 2,3.617813,3-4 Ĺ
381,Frame 1,3.547029,3-4 Ĺ
381,Frame 2,3.547029,3-4 Ĺ
382,Frame 1,3.638516,3-4 Ĺ
382,Frame 2,3.638516,3-4 Ĺ
383,Frame 1,3.500156,3-4 Ĺ
383,Frame 2,3.500156,3-4 Ĺ
384,Frame 1,3.481475,3-4 Ĺ
384,Frame 2,3.481475,3-4 Ĺ
385,Frame 1,3.426781,3-4 Ĺ
385,Frame 2,3.426781,3-4 Ĺ
386,Frame 1,3.546824,3-4 Ĺ
386,Frame 2,3.546824,3-4 Ĺ
387,Frame 1,3.762507,3-4 Ĺ
387,Frame 2,3.762507,3-4 Ĺ
388,Frame 1,3.562680,3-4 Ĺ
388,Frame 2,3.562680,3-4 Ĺ
389,Frame 1,3.569400,3-4 Ĺ
389,Frame 2,3.569400,3-4 Ĺ
390,Frame 1,3.622667,3-4 Ĺ
390,Frame 2,3.622667,3-4 Ĺ
391,Frame 1,3.692562,3-4 Ĺ
391,Frame 2,3.692562,3-4 Ĺ
392,Frame 1,3.741865,3-4 Ĺ
392,Frame 2,3.741865,3-4 Ĺ
393,Frame 1,3.771487,3-4 Ĺ
393,Frame 2,3.771487,3-4 Ĺ
394,Frame 1,3.488405,3-4 Ĺ
394,Frame 2,3.488405,3-4 Ĺ
395,Frame 1,3.580214,3-4 Ĺ
395,Frame 2,3.580214,3-4 Ĺ
396,Frame 1,3.392987,3-4 Ĺ
396,Frame 2,3.392987,3-4 Ĺ
397,Frame 1,3.588339,3-4 Ĺ
397,Frame 2,3.588339,3-4 Ĺ
398,Frame 1,3.511600,3-4 Ĺ
398,Frame 2,3.511600,3-4 Ĺ
399,Frame 1,3.338007,3-4 Ĺ
399,Frame 2,3.338007,3-4 Ĺ
400,Frame 1,3.543515,3-4 Ĺ
400,Frame 2,3.543515,3-4 Ĺ
401,Frame 1,3.655651,3-4 Ĺ
401,Frame 2,3.655651,3-4 Ĺ
402,Frame 1,3.539240,3-4 Ĺ
402,Frame 2,3.539240,3-4 Ĺ
403,Frame 1,3.830055,3-4 Ĺ
403,Frame 2,3.830055,3-4 Ĺ
404,Frame 1,3.942017,3-4 Ĺ
404,Frame 2,3.942017,3-4 Ĺ
405,Frame 1,3.674041,3-4 Ĺ
405,Frame 2,3.674041,3-4 Ĺ
406,Frame 1,3.576794,3-4 Ĺ
406,Frame 2,3.576794,3-4 Ĺ
407,Frame 1,3.450577,3-4 Ĺ
407,Frame 2,3.450577,3-4 Ĺ
408,Frame 1,3.622349,3-4 Ĺ
408,Frame 2,3.622349,3-4 Ĺ
409,Frame 1,3.413204,3-4 Ĺ
409,Frame 2,3.413204,3-4 Ĺ
410,Frame 1,3.597534,3-4 Ĺ
410,Frame 2,3.597534,3-4 Ĺ
411,Frame 1,3.534114,3-4 Ĺ
411,Frame 2,3.534114,3-4 Ĺ
412,Frame 1,3.742127,3-4 Ĺ
412,Frame 2,3.742127,3-4 Ĺ
413,Frame 1,3.619557,3-4 Ĺ
413,Frame 2,3.619557,3-4 Ĺ
414,Frame 1,3.700577,3-4 Ĺ
414,Frame 2,3.700577,3-4 Ĺ
415,Frame 1,3.696041,3-4 Ĺ
415,Frame 2,3.696041,3-4 Ĺ
416,Frame 1,3.873856,3-4 Ĺ
416,Frame 2,3.873856,3-4 Ĺ
417,Frame 1,3.649951,3-4 Ĺ
417,Frame 2,3.649951,3-4 Ĺ
418,Frame 1,3.729343,3-4 Ĺ
418,Frame 2,3.729343,3-4 Ĺ
419,Frame 1,3.616127,3-4 Ĺ
419,Frame 2,3.616127,3-4 Ĺ
420,Frame 1,3.537750,3-4 Ĺ
420,Frame 2,3.537750,3-4 Ĺ
421,Frame 1,3.608843,3-4 Ĺ
421,Frame 2,3.608843,3-4 Ĺ
422,Frame 1,3.535643,3-4 Ĺ
422,Frame 2,3.535643,3-4 Ĺ
423,Frame 1,3.692152,3-4 Ĺ
423,Frame 2,3.692152,3-4 Ĺ
424,Frame 1,3.573871,3-4 Ĺ
424,Frame 2,3.573871,3-4 Ĺ
425,Frame 1,3.637187,3-4 Ĺ
425,Frame 2,3.637187,3-4 Ĺ
426,Frame 1,3.622113,3-4 Ĺ
426,Frame 2,3.622113,3-4 Ĺ
427,Frame 1,3.607825,3-4 Ĺ
427,Frame 2,3.607825,3-4 Ĺ
428,Frame 1,3.562559,3-4 Ĺ
428,Frame 2,3.562559,3-4 Ĺ
429,Frame 1,3.553155,3-4 Ĺ
429,Frame 2,3.553155,3-4 Ĺ
430,Frame 1,3.448411,3-4 Ĺ
430,Frame 2,3.448411,3-4 Ĺ
431,Frame 1,3.669675,3-4 Ĺ
431,Frame 2,3.669675,3-4 Ĺ
432,Frame 1,3.885639,3-4 Ĺ
432,Frame 2,3.885639,3-4 Ĺ
433,Frame 1,3.652827,3-4 Ĺ
433,Frame 2,3.652827,3-4 Ĺ
434,Frame 1,3.622016,3-4 Ĺ
434,Frame 2,3.622016,3-4 Ĺ
435,Frame 1,3.799674,3-4 Ĺ
435,Frame 2,3.799674,3-4 Ĺ
436,Frame 1,3.620652,3-4 Ĺ
436,Frame 2,3.620652,3-4 Ĺ
437,Frame 1,3.809509,3-4 Ĺ
437,Frame 2,3.809509,3-4 Ĺ
438,Frame 1,3.801236,3-4 Ĺ
438,Frame 2,3.801236,3-4 Ĺ
439,Frame 1,3.669861,3-4 Ĺ
439,Frame 2,3.669861,3-4 Ĺ
440,Frame 1,3.661091,3-4 Ĺ
440,Frame 2,3.661091,3-4 Ĺ
441,Frame 1,3.605499,3-4 Ĺ
441,Frame 2,3.605499,3-4 Ĺ
442,Frame 1,3.512236,3-4 Ĺ
442,Frame 2,3.512236,3-4 Ĺ
443,Frame 1,3.766998,3-4 Ĺ
443,Frame 2,3.766998,3-4 Ĺ
444,Frame 1,3.567028,3-4 Ĺ
444,Frame 2,3.567028,3-4 Ĺ
445,Frame 1,3.749834,3-4 Ĺ
445,Frame 2,3.749834,3-4 Ĺ
446,Frame 1,3.573405,3-4 Ĺ
446,Frame 2,3.573405,3-4 Ĺ
447,Frame 1,3.698283,3-4 Ĺ
447,Frame 2,3.698283,3-4 Ĺ
448,Frame 1,3.682012,3-4 Ĺ
448,Frame 2,3.682012,3-4 Ĺ
449,Frame 1,3.721112,3-4 Ĺ
449,Frame 2,3.721112,3-4 Ĺ
450,Frame 1,3.629102,3-4 Ĺ
450,Frame 2,3.629102,3-4 Ĺ
451,Frame 1,3.567304,3-4 Ĺ
451,Frame 2,3.567304,3-4 Ĺ
452,Frame 1,3.523034,3-4 Ĺ
452,Frame 2,3.523034,3-4 Ĺ
453,Frame 1,3.540440,3-4 Ĺ
453,Frame 2,3.540440,3-4 Ĺ
454,Frame 1,3.580964,3-4 Ĺ
454,Frame 2,3.580964,3-4 Ĺ
455,Frame 1,3.682901,3-4 Ĺ
455,Frame 2,3.682901,3-4 Ĺ
456,Frame 1,3.604205,3-4 Ĺ
456,Frame 2,3.604205,3-4 Ĺ
457,Frame 1,3.665079,3-4 Ĺ
457,Frame 2,3.665079,3-4 Ĺ
458,Frame 1,3.912677,3-4 Ĺ
458,Frame 2,3.912677,3-4 Ĺ
459,Frame 1,3.735265,3-4 Ĺ
459,Frame 2,3.735265,3-4 Ĺ
460,Frame 1,3.726670,3-4 Ĺ
460,Frame 2,3.726670,3-4 Ĺ
461,Frame 1,3.863476,3-4 Ĺ
461,Frame 2,3.863476,3-4 Ĺ
462,Frame 1,3.824961,3-4 Ĺ
462,Frame 2,3.824961,3-4 Ĺ
463,Frame 1,3.865026,3-4 Ĺ
463,Frame 2,3.865026,3-4 Ĺ
464,Frame 1,3.878598,3-4 Ĺ
464,Frame 2,3.878598,3-4 Ĺ
465,Frame 1,3.946408,3-4 Ĺ
465,Frame 2,3.946408,3-4 Ĺ
466,Frame 1,3.944509,3-4 Ĺ
466,Frame 2,3.944509,3-4 Ĺ
467,Frame 1,4.045884,4-5 Ĺ
467,Frame 2,4.045884,4-5 Ĺ
468,Frame 1,3.898586,3-4 Ĺ
468,Frame 2,3.898586,3-4 Ĺ
469,Frame 1,3.947069,3-4 Ĺ
469,Frame 2,3.947069,3-4 Ĺ
470,Frame 1,3.826325,3-4 Ĺ
470,Frame 2,3.826325,3-4 Ĺ
471,Frame 1,3.906754,3-4 Ĺ
471,Frame 2,3.906754,3-4 Ĺ
472,Frame 1,3.902256,3-4 Ĺ
472,Frame 2,3.902256,3-4 Ĺ
473,Frame 1,3.953735,3-4 Ĺ
473,Frame 2,3.953735,3-4 Ĺ
474,Frame 1,3.955604,3-4 Ĺ
474,Frame 2,3.955604,3-4 Ĺ
475,Frame 1,4.035542,4-5 Ĺ
475,Frame 2,4.035542,4-5 Ĺ
476,Frame 1,4.043929,4-5 Ĺ
476,Frame 2,4.043929,4-5 Ĺ
477,Frame 1,3.978288,3-4 Ĺ
477,Frame 2,3.978288,3-4 Ĺ
478,Frame 1,3.922952,3-4 Ĺ
478,Frame 2,3.922952,3-4 Ĺ
479,Frame 1,3.995560,3-4 Ĺ
479,Frame 2,3.995560,3-4 Ĺ
480,Frame 1,4.141666,4-5 Ĺ
480,Frame 2,4.141666,4-5 Ĺ
481,Frame 1,3.868712,3-4 Ĺ
481,Frame 2,3.868712,3-4 Ĺ
482,Frame 1,4.028864,4-5 Ĺ
482,Frame 2,4.028864,4-5 Ĺ
483,Frame 1,3.989270,3-4 Ĺ
483,Frame 2,3.989270,3-4 Ĺ
484,Frame 1,4.214980,4-5 Ĺ
484,Frame 2,4.214980,4-5 Ĺ
485,Frame 1,4.381625,4-5 Ĺ
485,Frame 2,4.381625,4-5 Ĺ
486,Frame 1,4.337067,4-5 Ĺ
486,Frame 2,4.337067,4-5 Ĺ
487,Frame 1,4.117753,4-5 Ĺ
487,Frame 2,4.117753,4-5 Ĺ
488,Frame 1,4.062800,4-5 Ĺ
488,Frame 2,4.062800,4-5 Ĺ
489,Frame 1,4.191172,4-5 Ĺ
489,Frame 2,4.191172,4-5 Ĺ
490,Frame 1,4.581414,4-5 Ĺ
490,Frame 2,4.581414,4-5 Ĺ
491,Frame 1,4.326023,4-5 Ĺ
491,Frame 2,4.326023,4-5 Ĺ
492,Frame 1,4.402798,4-5 Ĺ
492,Frame 2,4.402798,4-5 Ĺ
493,Frame 1,4.307787,4-5 Ĺ
493,Frame 2,4.307787,4-5 Ĺ
494,Frame 1,4.296568,4-5 Ĺ
494,Frame 2,4.296568,4-5 Ĺ
495,Frame 1,4.344028,4-5 Ĺ
495,Frame 2,4.344028,4-5 Ĺ
496,Frame 1,4.280092,4-5 Ĺ
496,Frame 2,4.280092,4-5 Ĺ
497,Frame 1,4.406007,4-5 Ĺ
497,Frame 2,4.406007,4-5 Ĺ
498,Frame 1,4.192655,4-5 Ĺ
498,Frame 2,4.192655,4-5 Ĺ
499,Frame 1,4.451175,4-5 Ĺ
499,Frame 2,4.451175,4-5 Ĺ
500,Frame 1,4.197400,4-5 Ĺ
500,Frame 2,4.197400,4-5 Ĺ
501,Frame 1,4.345202,4-5 Ĺ
501,Frame 2,4.345202,4-5 Ĺ
502,Frame 1,4.505480,4-5 Ĺ
502,Frame 2,4.505480,4-5 Ĺ
503,Frame 1,4.308962,4-5 Ĺ
503,Frame 2,4.308962,4-5 Ĺ
504,Frame 1,4.368656,4-5 Ĺ
504,Frame 2,4.368656,4-5 Ĺ
505,Frame 1,4.381009,4-5 Ĺ
505,Frame 2,4.381009,4-5 Ĺ
506,Frame 1,4.212143,4-5 Ĺ
506,Frame 2,4.212143,4-5 Ĺ
507,Frame 1,4.343903,4-5 Ĺ
507,Frame 2,4.343903,4-5 Ĺ
508,Frame 1,4.096422,4-5 Ĺ
508,Frame 2,4.096422,4-5 Ĺ
509,Frame 1,4.610634,4-5 Ĺ
509,Frame 2,4.610634,4-5 Ĺ
510,Frame 1,4.267753,4-5 Ĺ
510,Frame 2,4.267753,4-5 Ĺ
511,Frame 1,4.033868,4-5 Ĺ
511,Frame 2,4.033868,4-5 Ĺ
512,Frame 1,4.265771,4-5 Ĺ
512,Frame 2,4.265771,4-5 Ĺ
513,Frame 1,4.457940,4-5 Ĺ
513,Frame 2,4.457940,4-5 Ĺ
514,Frame 1,4.661220,4-5 Ĺ
514,Frame 2,4.661220,4-5 Ĺ
515,Frame 1,4.103767,4-5 Ĺ
515,Frame 2,4.103767,4-5 Ĺ
516,Frame 1,4.356823,4-5 Ĺ
516,Frame 2,4.356823,4-5 Ĺ
517,Frame 1,4.170919,4-5 Ĺ
517,Frame 2,4.170919,4-5 Ĺ
518,Frame 1,4.295053,4-5 Ĺ
518,Frame 2,4.295053,4-5 Ĺ
519,Frame 1,4.344335,4-5 Ĺ
519,Frame 2,4.344335,4-5 Ĺ
520,Frame 1,4.307100,4-5 Ĺ
520,Frame 2,4.307100,4-5 Ĺ
521,Frame 1,4.417955,4-5 Ĺ
521,Frame 2,4.417955,4-5 Ĺ
522,Frame 1,4.068718,4-5 Ĺ
522,Frame 2,4.068718,4-5 Ĺ
523,Frame 1,4.254839,4-5 Ĺ
523,Frame 2,4.254839,4-5 Ĺ
524,Frame 1,4.096039,4-5 Ĺ
524,Frame 2,4.096039,4-5 Ĺ
525,Frame 1,4.232518,4-5 Ĺ
525,Frame 2,4.232518,4-5 Ĺ
526,Frame 1,4.165275,4-5 Ĺ
526,Frame 2,4.165275,4-5 Ĺ
527,Frame 1,4.027733,4-5 Ĺ
527,Frame 2,4.027733,4-5 Ĺ
528,Frame 1,3.949275,3-4 Ĺ
528,Frame 2,3.949275,3-4 Ĺ
529,Frame 1,4.052448,4-5 Ĺ
529,Frame 2,4.052448,4-5 Ĺ
530,Frame 1,4.035399,4-5 Ĺ
530,Frame 2,4.035399,4-5 Ĺ
531,Frame 1,4.121616,4-5 Ĺ
531,Frame 2,4.121616,4-5 Ĺ
532,Frame 1,3.898217,3-4 Ĺ
532,Frame 2,3.898217,3-4 Ĺ
533,Frame 1,3.972626,3-4 Ĺ
533,Frame 2,3.972626,3-4 Ĺ
534,Frame 1,4.271556,4-5 Ĺ
534,Frame 2,4.271556,4-5 Ĺ
535,Frame 1,4.229483,4-5 Ĺ
535,Frame 2,4.229483,4-5 Ĺ
536,Frame 1,4.260998,4-5 Ĺ
536,Frame 2,4.260998,4-5 Ĺ
537,Frame 1,4.342471,4-5 Ĺ
537,Frame 2,4.342471,4-5 Ĺ
538,Frame 1,4.229016,4-5 Ĺ
538,Frame 2,4.229016,4-5 Ĺ
539,Frame 1,4.144972,4-5 Ĺ
539,Frame 2,4.144972,4-5 Ĺ
540,Frame 1,4.128301,4-5 Ĺ
540,Frame 2,4.128301,4-5 Ĺ
541,Frame 1,4.386659,4-5 Ĺ
541,Frame 2,4.386659,4-5 Ĺ
542,Frame 1,4.297809,4-5 Ĺ
542,Frame 2,4.297809,4-5 Ĺ
543,Frame 1,4.130405,4-5 Ĺ
543,Frame 2,4.130405,4-5 Ĺ
544,Frame 1,4.363092,4-5 Ĺ
544,Frame 2,4.363092,4-5 Ĺ
545,Frame 1,4.288342,4-5 Ĺ
545,Frame 2,4.288342,4-5 Ĺ
546,Frame 1,4.241655,4-5 Ĺ
546,Frame 2,4.241655,4-5 Ĺ
547,Frame 1,4.222647,4-5 Ĺ
547,Frame 2,4.222647,4-5 Ĺ
548,Frame 1,4.288067,4-5 Ĺ
548,Frame 2,4.288067,4-5 Ĺ
549,Frame 1,4.209586,4-5 Ĺ
549,Frame 2,4.209586,4-5 Ĺ
550,Frame 1,4.360932,4-5 Ĺ
550,Frame 2,4.360932,4-5 Ĺ
551,Frame 1,4.469417,4-5 Ĺ
551,Frame 2,4.469417,4-5 Ĺ
552,Frame 1,4.112948,4-5 Ĺ
552,Frame 2,4.112948,4-5 Ĺ
553,Frame 1,4.163925,4-5 Ĺ
553,Frame 2,4.163925,4-5 Ĺ
554,Frame 1,4.116349,4-5 Ĺ
554,Frame 2,4.116349,4-5 Ĺ
555,Frame 1,4.121874,4-5 Ĺ
555,Frame 2,4.121874,4-5 Ĺ
556,Frame 1,4.244097,4-5 Ĺ
556,Frame 2,4.244097,4-5 Ĺ
557,Frame 1,4.136160,4-5 Ĺ
557,Frame 2,4.136160,4-5 Ĺ
558,Frame 1,4.292568,4-5 Ĺ
558,Frame 2,4.292568,4-5 Ĺ
559,Frame 1,4.215020,4-5 Ĺ
559,Frame 2,4.215020,4-5 Ĺ
560,Frame 1,4.067812,4-5 Ĺ
560,Frame 2,4.067812,4-5 Ĺ
561,Frame 1,4.333794,4-5 Ĺ
561,Frame 2,4.333794,4-5 Ĺ
562,Frame 1,4.136631,4-5 Ĺ
562,Frame 2,4.136631,4-5 Ĺ
563,Frame 1,4.187340,4-5 Ĺ
563,Frame 2,4.187340,4-5 Ĺ
564,Frame 1,4.176461,4-5 Ĺ
564,Frame 2,4.176461,4-5 Ĺ
565,Frame 1,4.062321,4-5 Ĺ
565,Frame 2,4.062321,4-5 Ĺ
566,Frame 1,4.092243,4-5 Ĺ
566,Frame 2,4.092243,4-5 Ĺ
567,Frame 1,4.059780,4-5 Ĺ
567,Frame 2,4.059780,4-5 Ĺ
568,Frame 1,4.186361,4-5 Ĺ
568,Frame 2,4.186361,4-5 Ĺ
569,Frame 1,4.291394,4-5 Ĺ
569,Frame 2,4.291394,4-5 Ĺ
570,Frame 1,4.035393,4-5 Ĺ
570,Frame 2,4.035393,4-5 Ĺ
571,Frame 1,4.363295,4-5 Ĺ
571,Frame 2,4.363295,4-5 Ĺ
572,Frame 1,4.073799,4-5 Ĺ
572,Frame 2,4.073799,4-5 Ĺ
573,Frame 1,4.001686,4-5 Ĺ
573,Frame 2,4.001686,4-5 Ĺ
574,Frame 1,4.225966,4-5 Ĺ
574,Frame 2,4.225966,4-5 Ĺ
575,Frame 1,4.124424,4-5 Ĺ
575,Frame 2,4.124424,4-5 Ĺ
576,Frame 1,3.949247,3-4 Ĺ
576,Frame 2,3.949247,3-4 Ĺ
577,Frame 1,3.955877,3-4 Ĺ
577,Frame 2,3.955877,3-4 Ĺ
578,Frame 1,4.049428,4-5 Ĺ
578,Frame 2,4.049428,4-5 Ĺ
579,Frame 1,3.758430,3-4 Ĺ
579,Frame 2,3.758430,3-4 Ĺ
580,Frame 1,3.974484,3-4 Ĺ
580,Frame 2,3.974484,3-4 Ĺ
581,Frame 1,4.050094,4-5 Ĺ
581,Frame 2,4.050094,4-5 Ĺ
582,Frame 1,4.244431,4-5 Ĺ
582,Frame 2,4.244431,4-5 Ĺ
583,Frame 1,3.978475,3-4 Ĺ
583,Frame 2,3.978475,3-4 Ĺ
584,Frame 1,4.360981,4-5 Ĺ
584,Frame 2,4.360981,4-5 Ĺ
585,Frame 1,4.348693,4-5 Ĺ
585,Frame 2,4.348693,4-5 Ĺ
586,Frame 1,4.261586,4-5 Ĺ
586,Frame 2,4.261586,4-5 Ĺ
587,Frame 1,4.301473,4-5 Ĺ
587,Frame 2,4.301473,4-5 Ĺ
588,Frame 1,4.183688,4-5 Ĺ
588,Frame 2,4.183688,4-5 Ĺ
589,Frame 1,4.313031,4-5 Ĺ
589,Frame 2,4.313031,4-5 Ĺ
590,Frame 1,4.339739,4-5 Ĺ
590,Frame 2,4.339739,4-5 Ĺ
591,Frame 1,4.326409,4-5 Ĺ
591,Frame 2,4.326409,4-5 Ĺ
592,Frame 1,4.215093,4-5 Ĺ
592,Frame 2,4.215093,4-5 Ĺ
593,Frame 1,4.500448,4-5 Ĺ
593,Frame 2,4.500448,4-5 Ĺ
594,Frame 1,4.605211,4-5 Ĺ
594,Frame 2,4.605211,4-5 Ĺ
595,Frame 1,4.663688,4-5 Ĺ
595,Frame 2,4.663688,4-5 Ĺ
596,Frame 1,4.706335,4-5 Ĺ
596,Frame 2,4.706335,4-5 Ĺ
597,Frame 1,4.483917,4-5 Ĺ
597,Frame 2,4.483917,4-5 Ĺ
598,Frame 1,4.852539,4-5 Ĺ
598,Frame 2,4.852539,4-5 Ĺ
599,Frame 1,4.769973,4-5 Ĺ
599,Frame 2,4.769973,4-5 Ĺ
600,Frame 1,4.777023,4-5 Ĺ
600,Frame 2,4.777023,4-5 Ĺ
601,Frame 1,4.655920,4-5 Ĺ
601,Frame 2,4.655920,4-5 Ĺ
602,Frame 1,4.684664,4-5 Ĺ
602,Frame 2,4.684664,4-5 Ĺ
603,Frame 1,4.714763,4-5 Ĺ
603,Frame 2,4.714763,4-5 Ĺ
604,Frame 1,4.912309,4-5 Ĺ
604,Frame 2,4.912309,4-5 Ĺ
605,Frame 1,5.267949,>5 Ĺ
605,Frame 2,5.267949,>5 Ĺ
606,Frame 1,4.489542,4-5 Ĺ
606,Frame 2,4.489542,4-5 Ĺ
607,Frame 1,4.483900,4-5 Ĺ
607,Frame 2,4.483900,4-5 Ĺ
608,Frame 1,4.472188,4-5 Ĺ
608,Frame 2,4.472188,4-5 Ĺ
609,Frame 1,4.405691,4-5 Ĺ
609,Frame 2,4.405691,4-5 Ĺ
610,Frame 1,4.324303,4-5 Ĺ
610,Frame 2,4.324303,4-5 Ĺ
611,Frame 1,4.423070,4-5 Ĺ
611,Frame 2,4.423070,4-5 Ĺ
612,Frame 1,4.620067,4-5 Ĺ
612,Frame 2,4.620067,4-5 Ĺ
613,Frame 1,4.383346,4-5 Ĺ
613,Frame 2,4.383346,4-5 Ĺ
614,Frame 1,4.467966,4-5 Ĺ
614,Frame 2,4.467966,4-5 Ĺ
615,Frame 1,4.351955,4-5 Ĺ
615,Frame 2,4.351955,4-5 Ĺ
616,Frame 1,4.371900,4-5 Ĺ
616,Frame 2,4.371900,4-5 Ĺ
617,Frame 1,4.455019,4-5 Ĺ
617,Frame 2,4.455019,4-5 Ĺ
618,Frame 1,4.378341,4-5 Ĺ
618,Frame 2,4.378341,4-5 Ĺ
619,Frame 1,4.383829,4-5 Ĺ
619,Frame 2,4.383829,4-5 Ĺ
620,Frame 1,4.521629,4-5 Ĺ
620,Frame 2,4.521629,4-5 Ĺ
621,Frame 1,4.449224,4-5 Ĺ
621,Frame 2,4.449224,4-5 Ĺ
622,Frame 1,4.624134,4-5 Ĺ
622,Frame 2,4.624134,4-5 Ĺ
623,Frame 1,4.508535,4-5 Ĺ
623,Frame 2,4.508535,4-5 Ĺ
624,Frame 1,4.547118,4-5 Ĺ
624,Frame 2,4.547118,4-5 Ĺ
625,Frame 1,4.637932,4-5 Ĺ
625,Frame 2,4.637932,4-5 Ĺ
626,Frame 1,4.543620,4-5 Ĺ
626,Frame 2,4.543620,4-5 Ĺ
627,Frame 1,4.599280,4-5 Ĺ
627,Frame 2,4.599280,4-5 Ĺ
628,Frame 1,4.725447,4-5 Ĺ
628,Frame 2,4.725447,4-5 Ĺ
629,Frame 1,4.599536,4-5 Ĺ
629,Frame 2,4.599536,4-5 Ĺ
630,Frame 1,4.642434,4-5 Ĺ
630,Frame 2,4.642434,4-5 Ĺ
631,Frame 1,4.518585,4-5 Ĺ
631,Frame 2,4.518585,4-5 Ĺ
632,Frame 1,4.741578,4-5 Ĺ
632,Frame 2,4.741578,4-5 Ĺ
633,Frame 1,4.853018,4-5 Ĺ
633,Frame 2,4.853018,4-5 Ĺ
634,Frame 1,5.086098,>5 Ĺ
634,Frame 2,5.086098,>5 Ĺ
635,Frame 1,4.865005,4-5 Ĺ
635,Frame 2,4.865005,4-5 Ĺ
636,Frame 1,4.877630,4-5 Ĺ
636,Frame 2,4.877630,4-5 Ĺ
637,Frame 1,4.640176,4-5 Ĺ
637,Frame 2,4.640176,4-5 Ĺ
638,Frame 1,4.895412,4-5 Ĺ
638,Frame 2,4.895412,4-5 Ĺ
639,Frame 1,4.927832,4-5 Ĺ
639,Frame 2,4.927832,4-5 Ĺ
640,Frame 1,4.967985,4-5 Ĺ
640,Frame 2,4.967985,4-5 Ĺ
641,Frame 1,4.905329,4-5 Ĺ
641,Frame 2,4.905329,4-5 Ĺ
642,Frame 1,5.097731,>5 Ĺ
642,Frame 2,5.097731,>5 Ĺ
643,Frame 1,5.043549,>5 Ĺ
643,Frame 2,5.043549,>5 Ĺ
644,Frame 1,5.084391,>5 Ĺ
644,Frame 2,5.084391,>5 Ĺ
645,Frame 1,4.854134,4-5 Ĺ
645,Frame 2,4.854134,4-5 Ĺ
646,Frame 1,4.782538,4-5 Ĺ
646,Frame 2,4.782538,4-5 Ĺ
647,Frame 1,5.146160,>5 Ĺ
647,Frame 2,5.146160,>5 Ĺ
648,Frame 1,4.891361,4-5 Ĺ
648,Frame 2,4.891361,4-5 Ĺ
649,Frame 1,4.823994,4-5 Ĺ
649,Frame 2,4.823994,4-5 Ĺ
650,Frame 1,4.746653,4-5 Ĺ
650,Frame 2,4.746653,4-5 Ĺ
651,Frame 1,5.005039,>5 Ĺ
651,Frame 2,5.005039,>5 Ĺ
652,Frame 1,4.926428,4-5 Ĺ
652,Frame 2,4.926428,4-5 Ĺ
653,Frame 1,4.558548,4-5 Ĺ
653,Frame 2,4.558548,4-5 Ĺ
654,Frame 1,4.659607,4-5 Ĺ
654,Frame 2,4.659607,4-5 Ĺ
655,Frame 1,4.494172,4-5 Ĺ
655,Frame 2,4.494172,4-5 Ĺ
656,Frame 1,5.080876,>5 Ĺ
656,Frame 2,5.080876,>5 Ĺ
657,Frame 1,4.856330,4-5 Ĺ
657,Frame 2,4.856330,4-5 Ĺ
658,Frame 1,4.775097,4-5 Ĺ
658,Frame 2,4.775097,4-5 Ĺ
659,Frame 1,4.977619,4-5 Ĺ
659,Frame 2,4.977619,4-5 Ĺ
660,Frame 1,4.684686,4-5 Ĺ
660,Frame 2,4.684686,4-5 Ĺ
661,Frame 1,4.757047,4-5 Ĺ
661,Frame 2,4.757047,4-5 Ĺ
662,Frame 1,4.707992,4-5 Ĺ
662,Frame 2,4.707992,4-5 Ĺ
663,Frame 1,4.487874,4-5 Ĺ
663,Frame 2,4.487874,4-5 Ĺ
664,Frame 1,4.532349,4-5 Ĺ
664,Frame 2,4.532349,4-5 Ĺ
665,Frame 1,4.759172,4-5 Ĺ
665,Frame 2,4.759172,4-5 Ĺ
666,Frame 1,4.626835,4-5 Ĺ
666,Frame 2,4.626835,4-5 Ĺ
667,Frame 1,4.625479,4-5 Ĺ
667,Frame 2,4.625479,4-5 Ĺ
668,Frame 1,4.822614,4-5 Ĺ
668,Frame 2,4.822614,4-5 Ĺ
669,Frame 1,4.677424,4-5 Ĺ
669,Frame 2,4.677424,4-5 Ĺ
670,Frame 1,4.733125,4-5 Ĺ
670,Frame 2,4.733125,4-5 Ĺ
671,Frame 1,4.558986,4-5 Ĺ
671,Frame 2,4.558986,4-5 Ĺ
672,Frame 1,4.725174,4-5 Ĺ
672,Frame 2,4.725174,4-5 Ĺ
673,Frame 1,4.627576,4-5 Ĺ
673,Frame 2,4.627576,4-5 Ĺ
674,Frame 1,4.808152,4-5 Ĺ
674,Frame 2,4.808152,4-5 Ĺ
675,Frame 1,4.644410,4-5 Ĺ
675,Frame 2,4.644410,4-5 Ĺ
676,Frame 1,4.655966,4-5 Ĺ
676,Frame 2,4.655966,4-5 Ĺ
677,Frame 1,4.713037,4-5 Ĺ
677,Frame 2,4.713037,4-5 Ĺ
678,Frame 1,4.510874,4-5 Ĺ
678,Frame 2,4.510874,4-5 Ĺ
679,Frame 1,4.722488,4-5 Ĺ
679,Frame 2,4.722488,4-5 Ĺ
680,Frame 1,4.909099,4-5 Ĺ
680,Frame 2,4.909099,4-5 Ĺ
681,Frame 1,4.899908,4-5 Ĺ
681,Frame 2,4.899908,4-5 Ĺ
682,Frame 1,4.857476,4-5 Ĺ
682,Frame 2,4.857476,4-5 Ĺ
683,Frame 1,5.173502,>5 Ĺ
683,Frame 2,5.173502,>5 Ĺ
684,Frame 1,5.000087,>5 Ĺ
684,Frame 2,5.000087,>5 Ĺ
685,Frame 1,4.740578,4-5 Ĺ
685,Frame 2,4.740578,4-5 Ĺ
686,Frame 1,4.677807,4-5 Ĺ
686,Frame 2,4.677807,4-5 Ĺ
687,Frame 1,4.615801,4-5 Ĺ
687,Frame 2,4.615801,4-5 Ĺ
688,Frame 1,4.845535,4-5 Ĺ
688,Frame 2,4.845535,4-5 Ĺ
689,Frame 1,4.681848,4-5 Ĺ
689,Frame 2,4.681848,4-5 Ĺ
690,Frame 1,4.859225,4-5 Ĺ
690,Frame 2,4.859225,4-5 Ĺ
691,Frame 1,4.927736,4-5 Ĺ
691,Frame 2,4.927736,4-5 Ĺ
692,Frame 1,4.645687,4-5 Ĺ
692,Frame 2,4.645687,4-5 Ĺ
693,Frame 1,4.806563,4-5 Ĺ
693,Frame 2,4.806563,4-5 Ĺ
694,Frame 1,4.876307,4-5 Ĺ
694,Frame 2,4.876307,4-5 Ĺ
695,Frame 1,5.231166,>5 Ĺ
695,Frame 2,5.231166,>5 Ĺ
696,Frame 1,5.126312,>5 Ĺ
696,Frame 2,5.126312,>5 Ĺ
697,Frame 1,4.737949,4-5 Ĺ
697,Frame 2,4.737949,4-5 Ĺ
698,Frame 1,4.563398,4-5 Ĺ
698,Frame 2,4.563398,4-5 Ĺ
699,Frame 1,4.556345,4-5 Ĺ
699,Frame 2,4.556345,4-5 Ĺ
700,Frame 1,4.494207,4-5 Ĺ
700,Frame 2,4.494207,4-5 Ĺ
701,Frame 1,4.532441,4-5 Ĺ
701,Frame 2,4.532441,4-5 Ĺ
702,Frame 1,4.634239,4-5 Ĺ
702,Frame 2,4.634239,4-5 Ĺ
703,Frame 1,4.653452,4-5 Ĺ
703,Frame 2,4.653452,4-5 Ĺ
704,Frame 1,4.972236,4-5 Ĺ
704,Frame 2,4.972236,4-5 Ĺ
705,Frame 1,4.913163,4-5 Ĺ
705,Frame 2,4.913163,4-5 Ĺ
706,Frame 1,4.863206,4-5 Ĺ
706,Frame 2,4.863206,4-5 Ĺ
707,Frame 1,5.049556,>5 Ĺ
707,Frame 2,5.049556,>5 Ĺ
708,Frame 1,4.776596,4-5 Ĺ
708,Frame 2,4.776596,4-5 Ĺ
709,Frame 1,5.074454,>5 Ĺ
709,Frame 2,5.074454,>5 Ĺ
710,Frame 1,4.978012,4-5 Ĺ
710,Frame 2,4.978012,4-5 Ĺ
711,Frame 1,4.920019,4-5 Ĺ
711,Frame 2,4.920019,4-5 Ĺ
712,Frame 1,4.819373,4-5 Ĺ
712,Frame 2,4.819373,4-5 Ĺ
713,Frame 1,4.886551,4-5 Ĺ
713,Frame 2,4.886551,4-5 Ĺ
714,Frame 1,5.201023,>5 Ĺ
714,Frame 2,5.201023,>5 Ĺ
715,Frame 1,5.462424,>5 Ĺ
715,Frame 2,5.462424,>5 Ĺ
716,Frame 1,5.902892,>5 Ĺ
716,Frame 2,5.902892,>5 Ĺ
717,Frame 1,5.479710,>5 Ĺ
717,Frame 2,5.479710,>5 Ĺ
718,Frame 1,5.463628,>5 Ĺ
718,Frame 2,5.463628,>5 Ĺ
719,Frame 1,5.599201,>5 Ĺ
719,Frame 2,5.599201,>5 Ĺ
720,Frame 1,5.543248,>5 Ĺ
720,Frame 2,5.543248,>5 Ĺ
721,Frame 1,5.384603,>5 Ĺ
721,Frame 2,5.384603,>5 Ĺ
722,Frame 1,5.388701,>5 Ĺ
722,Frame 2,5.388701,>5 Ĺ
723,Frame 1,5.840112,>5 Ĺ
723,Frame 2,5.840112,>5 Ĺ
724,Frame 1,5.341802,>5 Ĺ
724,Frame 2,5.341802,>5 Ĺ
725,Frame 1,5.812934,>5 Ĺ
725,Frame 2,5.812934,>5 Ĺ
726,Frame 1,5.757292,>5 Ĺ
726,Frame 2,5.757292,>5 Ĺ
727,Frame 1,5.802682,>5 Ĺ
727,Frame 2,5.802682,>5 Ĺ
728,Frame 1,5.556492,>5 Ĺ
728,Frame 2,5.556492,>5 Ĺ
729,Frame 1,5.531814,>5 Ĺ
729,Frame 2,5.531814,>5 Ĺ
730,Frame 1,5.691824,>5 Ĺ
730,Frame 2,5.691824,>5 Ĺ
731,Frame 1,6.062883,>5 Ĺ
731,Frame 2,6.062883,>5 Ĺ
732,Frame 1,6.222939,>5 Ĺ
732,Frame 2,6.222939,>5 Ĺ
733,Frame 1,5.897409,>5 Ĺ
733,Frame 2,5.897409,>5 Ĺ
734,Frame 1,6.240282,>5 Ĺ
734,Frame 2,6.240282,>5 Ĺ
735,Frame 1,5.896656,>5 Ĺ
735,Frame 2,5.896656,>5 Ĺ
736,Frame 1,6.005087,>5 Ĺ
736,Frame 2,6.005087,>5 Ĺ
737,Frame 1,6.377160,>5 Ĺ
737,Frame 2,6.377160,>5 Ĺ
738,Frame 1,6.609210,>5 Ĺ
738,Frame 2,6.609210,>5 Ĺ
739,Frame 1,6.499477,>5 Ĺ
739,Frame 2,6.499477,>5 Ĺ
740,Frame 1,6.452218,>5 Ĺ
740,Frame 2,6.452218,>5 Ĺ
741,Frame 1,6.571828,>5 Ĺ
741,Frame 2,6.571828,>5 Ĺ
742,Frame 1,6.207612,>5 Ĺ
742,Frame 2,6.207612,>5 Ĺ
743,Frame 1,6.769019,>5 Ĺ
743,Frame 2,6.769019,>5 Ĺ
744,Frame 1,6.414767,>5 Ĺ
744,Frame 2,6.414767,>5 Ĺ
745,Frame 1,6.252928,>5 Ĺ
745,Frame 2,6.252928,>5 Ĺ
746,Frame 1,6.832618,>5 Ĺ
746,Frame 2,6.832618,>5 Ĺ
747,Frame 1,6.582077,>5 Ĺ
747,Frame 2,6.582077,>5 Ĺ
748,Frame 1,6.782844,>5 Ĺ
748,Frame 2,6.782844,>5 Ĺ
749,Frame 1,6.556130,>5 Ĺ
749,Frame 2,6.556130,>5 Ĺ
750,Frame 1,6.605937,>5 Ĺ
750,Frame 2,6.605937,>5 Ĺ
751,Frame 1,6.309941,>5 Ĺ
751,Frame 2,6.309941,>5 Ĺ
752,Frame 1,6.113421,>5 Ĺ
752,Frame 2,6.113421,>5 Ĺ
753,Frame 1,6.491522,>5 Ĺ
753,Frame 2,6.491522,>5 Ĺ
754,Frame 1,7.141978,>5 Ĺ
754,Frame 2,7.141978,>5 Ĺ
755,Frame 1,6.553259,>5 Ĺ
755,Frame 2,6.553259,>5 Ĺ
756,Frame 1,6.271370,>5 Ĺ
756,Frame 2,6.271370,>5 Ĺ
757,Frame 1,5.987094,>5 Ĺ
757,Frame 2,5.987094,>5 Ĺ
758,Frame 1,6.195354,>5 Ĺ
758,Frame 2,6.195354,>5 Ĺ
759,Frame 1,6.089722,>5 Ĺ
759,Frame 2,6.089722,>5 Ĺ
760,Frame 1,6.449907,>5 Ĺ
760,Frame 2,6.449907,>5 Ĺ
761,Frame 1,6.485404,>5 Ĺ
761,Frame 2,6.485404,>5 Ĺ
762,Frame 1,6.347106,>5 Ĺ
762,Frame 2,6.347106,>5 Ĺ
763,Frame 1,6.883621,>5 Ĺ
763,Frame 2,6.883621,>5 Ĺ
764,Frame 1,6.762706,>5 Ĺ
764,Frame 2,6.762706,>5 Ĺ
765,Frame 1,6.638189,>5 Ĺ
765,Frame 2,6.638189,>5 Ĺ
766,Frame 1,6.365347,>5 Ĺ
766,Frame 2,6.365347,>5 Ĺ
767,Frame 1,6.484397,>5 Ĺ
767,Frame 2,6.484397,>5 Ĺ
768,Frame 1,6.361770,>5 Ĺ
768,Frame 2,6.361770,>5 Ĺ
769,Frame 1,7.075808,>5 Ĺ
769,Frame 2,7.075808,>5 Ĺ
770,Frame 1,6.415619,>5 Ĺ
770,Frame 2,6.415619,>5 Ĺ
771,Frame 1,6.761440,>5 Ĺ
771,Frame 2,6.761440,>5 Ĺ
772,Frame 1,6.851705,>5 Ĺ
772,Frame 2,6.851705,>5 Ĺ
773,Frame 1,7.125344,>5 Ĺ
773,Frame 2,7.125344,>5 Ĺ
774,Frame 1,6.774722,>5 Ĺ
774,Frame 2,6.774722,>5 Ĺ
775,Frame 1,7.026513,>5 Ĺ
775,Frame 2,7.026513,>5 Ĺ
776,Frame 1,7.182111,>5 Ĺ
776,Frame 2,7.182111,>5 Ĺ
777,Frame 1,7.302083,>5 Ĺ
777,Frame 2,7.302083,>5 Ĺ
778,Frame 1,6.937050,>5 Ĺ
778,Frame 2,6.937050,>5 Ĺ
779,Frame 1,6.932683,>5 Ĺ
779,Frame 2,6.932683,>5 Ĺ
780,Frame 1,7.324377,>5 Ĺ
780,Frame 2,7.324377,>5 Ĺ
781,Frame 1,7.241546,>5 Ĺ
781,Frame 2,7.241546,>5 Ĺ
782,Frame 1,6.875745,>5 Ĺ
782,Frame 2,6.875745,>5 Ĺ
783,Frame 1,6.913090,>5 Ĺ
783,Frame 2,6.913090,>5 Ĺ
784,Frame 1,7.346561,>5 Ĺ
784,Frame 2,7.346561,>5 Ĺ
785,Frame 1,7.367275,>5 Ĺ
785,Frame 2,7.367275,>5 Ĺ
786,Frame 1,7.080915,>5 Ĺ
786,Frame 2,7.080915,>5 Ĺ
787,Frame 1,6.902356,>5 Ĺ
787,Frame 2,6.902356,>5 Ĺ
788,Frame 1,6.742434,>5 Ĺ
788,Frame 2,6.742434,>5 Ĺ
789,Frame 1,6.898337,>5 Ĺ
789,Frame 2,6.898337,>5 Ĺ
790,Frame 1,6.649366,>5 Ĺ
790,Frame 2,6.649366,>5 Ĺ
791,Frame 1,6.954873,>5 Ĺ
791,Frame 2,6.954873,>5 Ĺ
792,Frame 1,6.801925,>5 Ĺ
792,Frame 2,6.801925,>5 Ĺ
793,Frame 1,6.710305,>5 Ĺ
793,Frame 2,6.710305,>5 Ĺ
794,Frame 1,6.756893,>5 Ĺ
794,Frame 2,6.756893,>5 Ĺ
795,Frame 1,6.793798,>5 Ĺ
795,Frame 2,6.793798,>5 Ĺ
796,Frame 1,6.990801,>5 Ĺ
796,Frame 2,6.990801,>5 Ĺ
797,Frame 1,6.911490,>5 Ĺ
797,Frame 2,6.911490,>5 Ĺ
798,Frame 1,7.036790,>5 Ĺ
798,Frame 2,7.036790,>5 Ĺ
799,Frame 1,6.440159,>5 Ĺ
799,Frame 2,6.440159,>5 Ĺ
800,Frame 1,6.254001,>5 Ĺ
800,Frame 2,6.254001,>5 Ĺ
801,Frame 1,6.342771,>5 Ĺ
801,Frame 2,6.342771,>5 Ĺ
802,Frame 1,6.852685,>5 Ĺ
802,Frame 2,6.852685,>5 Ĺ
803,Frame 1,6.996509,>5 Ĺ
803,Frame 2,6.996509,>5 Ĺ
804,Frame 1,6.626314,>5 Ĺ
804,Frame 2,6.626314,>5 Ĺ
805,Frame 1,6.805605,>5 Ĺ
805,Frame 2,6.805605,>5 Ĺ
806,Frame 1,6.898910,>5 Ĺ
806,Frame 2,6.898910,>5 Ĺ
807,Frame 1,6.954736,>5 Ĺ
807,Frame 2,6.954736,>5 Ĺ
808,Frame 1,6.968962,>5 Ĺ
808,Frame 2,6.968962,>5 Ĺ
809,Frame 1,6.453936,>5 Ĺ
809,Frame 2,6.453936,>5 Ĺ
810,Frame 1,6.713783,>5 Ĺ
810,Frame 2,6.713783,>5 Ĺ
811,Frame 1,6.766237,>5 Ĺ
811,Frame 2,6.766237,>5 Ĺ
812,Frame 1,6.652374,>5 Ĺ
812,Frame 2,6.652374,>5 Ĺ
813,Frame 1,6.993055,>5 Ĺ
813,Frame 2,6.993055,>5 Ĺ
814,Frame 1,6.919996,>5 Ĺ
814,Frame 2,6.919996,>5 Ĺ
815,Frame 1,6.994535,>5 Ĺ
815,Frame 2,6.994535,>5 Ĺ
816,Frame 1,6.945183,>5 Ĺ
816,Frame 2,6.945183,>5 Ĺ
817,Frame 1,6.699880,>5 Ĺ
817,Frame 2,6.699880,>5 Ĺ
818,Frame 1,6.865530,>5 Ĺ
818,Frame 2,6.865530,>5 Ĺ
819,Frame 1,6.739513,>5 Ĺ
819,Frame 2,6.739513,>5 Ĺ
820,Frame 1,6.714558,>5 Ĺ
820,Frame 2,6.714558,>5 Ĺ
821,Frame 1,6.715666,>5 Ĺ
821,Frame 2,6.715666,>5 Ĺ
822,Frame 1,7.422111,>5 Ĺ
822,Frame 2,7.422111,>5 Ĺ
823,Frame 1,6.963093,>5 Ĺ
823,Frame 2,6.963093,>5 Ĺ
824,Frame 1,7.370439,>5 Ĺ
824,Frame 2,7.370439,>5 Ĺ
825,Frame 1,7.348493,>5 Ĺ
825,Frame 2,7.348493,>5 Ĺ
826,Frame 1,7.096102,>5 Ĺ
826,Frame 2,7.096102,>5 Ĺ
827,Frame 1,7.402464,>5 Ĺ
827,Frame 2,7.402464,>5 Ĺ
828,Frame 1,7.162530,>5 Ĺ
828,Frame 2,7.162530,>5 Ĺ
829,Frame 1,7.349621,>5 Ĺ
829,Frame 2,7.349621,>5 Ĺ
830,Frame 1,7.250387,>5 Ĺ
830,Frame 2,7.250387,>5 Ĺ
831,Frame 1,7.017101,>5 Ĺ
831,Frame 2,7.017101,>5 Ĺ
832,Frame 1,6.955789,>5 Ĺ
832,Frame 2,6.955789,>5 Ĺ
833,Frame 1,7.326802,>5 Ĺ
833,Frame 2,7.326802,>5 Ĺ
834,Frame 1,7.043272,>5 Ĺ
834,Frame 2,7.043272,>5 Ĺ
835,Frame 1,6.956138,>5 Ĺ
835,Frame 2,6.956138,>5 Ĺ
836,Frame 1,7.346651,>5 Ĺ
836,Frame 2,7.346651,>5 Ĺ
837,Frame 1,6.901638,>5 Ĺ
837,Frame 2,6.901638,>5 Ĺ
838,Frame 1,7.256509,>5 Ĺ
838,Frame 2,7.256509,>5 Ĺ
839,Frame 1,7.151075,>5 Ĺ
839,Frame 2,7.151075,>5 Ĺ
840,Frame 1,7.370017,>5 Ĺ
840,Frame 2,7.370017,>5 Ĺ
841,Frame 1,7.361206,>5 Ĺ
841,Frame 2,7.361206,>5 Ĺ
842,Frame 1,7.351509,>5 Ĺ
842,Frame 2,7.351509,>5 Ĺ
843,Frame 1,7.281180,>5 Ĺ
843,Frame 2,7.281180,>5 Ĺ
844,Frame 1,6.687636,>5 Ĺ
844,Frame 2,6.687636,>5 Ĺ
845,Frame 1,6.797166,>5 Ĺ
845,Frame 2,6.797166,>5 Ĺ
846,Frame 1,6.963539,>5 Ĺ
846,Frame 2,6.963539,>5 Ĺ
847,Frame 1,6.891006,>5 Ĺ
847,Frame 2,6.891006,>5 Ĺ
848,Frame 1,6.854735,>5 Ĺ
848,Frame 2,6.854735,>5 Ĺ
849,Frame 1,6.909147,>5 Ĺ
849,Frame 2,6.909147,>5 Ĺ
850,Frame 1,6.889109,>5 Ĺ
850,Frame 2,6.889109,>5 Ĺ
851,Frame 1,6.852461,>5 Ĺ
851,Frame 2,6.852461,>5 Ĺ
852,Frame 1,6.827902,>5 Ĺ
852,Frame 2,6.827902,>5 Ĺ
853,Frame 1,6.483681,>5 Ĺ
853,Frame 2,6.483681,>5 Ĺ
854,Frame 1,6.120851,>5 Ĺ
854,Frame 2,6.120851,>5 Ĺ
855,Frame 1,6.741713,>5 Ĺ
855,Frame 2,6.741713,>5 Ĺ
856,Frame 1,6.989751,>5 Ĺ
856,Frame 2,6.989751,>5 Ĺ
857,Frame 1,6.978335,>5 Ĺ
857,Frame 2,6.978335,>5 Ĺ
858,Frame 1,6.837434,>5 Ĺ
858,Frame 2,6.837434,>5 Ĺ
859,Frame 1,6.614564,>5 Ĺ
859,Frame 2,6.614564,>5 Ĺ
860,Frame 1,6.958318,>5 Ĺ
860,Frame 2,6.958318,>5 Ĺ
861,Frame 1,7.102541,>5 Ĺ
861,Frame 2,7.102541,>5 Ĺ
862,Frame 1,7.153777,>5 Ĺ
862,Frame 2,7.153777,>5 Ĺ
863,Frame 1,6.810971,>5 Ĺ
863,Frame 2,6.810971,>5 Ĺ
864,Frame 1,7.045106,>5 Ĺ
864,Frame 2,7.045106,>5 Ĺ
865,Frame 1,7.062775,>5 Ĺ
865,Frame 2,7.062775,>5 Ĺ
866,Frame 1,7.068300,>5 Ĺ
866,Frame 2,7.068300,>5 Ĺ
867,Frame 1,7.162355,>5 Ĺ
867,Frame 2,7.162355,>5 Ĺ
868,Frame 1,7.296435,>5 Ĺ
868,Frame 2,7.296435,>5 Ĺ
869,Frame 1,7.362629,>5 Ĺ
869,Frame 2,7.362629,>5 Ĺ
870,Frame 1,7.085951,>5 Ĺ
870,Frame 2,7.085951,>5 Ĺ
871,Frame 1,6.706888,>5 Ĺ
871,Frame 2,6.706888,>5 Ĺ
872,Frame 1,7.167735,>5 Ĺ
872,Frame 2,7.167735,>5 Ĺ
873,Frame 1,6.759302,>5 Ĺ
873,Frame 2,6.759302,>5 Ĺ
874,Frame 1,6.923773,>5 Ĺ
874,Frame 2,6.923773,>5 Ĺ
875,Frame 1,6.942028,>5 Ĺ
875,Frame 2,6.942028,>5 Ĺ
876,Frame 1,7.049896,>5 Ĺ
876,Frame 2,7.049896,>5 Ĺ
877,Frame 1,7.088201,>5 Ĺ
877,Frame 2,7.088201,>5 Ĺ
878,Frame 1,7.376949,>5 Ĺ
878,Frame 2,7.376949,>5 Ĺ
879,Frame 1,7.290818,>5 Ĺ
879,Frame 2,7.290818,>5 Ĺ
880,Frame 1,7.354792,>5 Ĺ
880,Frame 2,7.354792,>5 Ĺ
881,Frame 1,6.966306,>5 Ĺ
881,Frame 2,6.966306,>5 Ĺ
882,Frame 1,7.201242,>5 Ĺ
882,Frame 2,7.201242,>5 Ĺ
883,Frame 1,7.176628,>5 Ĺ
883,Frame 2,7.176628,>5 Ĺ
884,Frame 1,7.016195,>5 Ĺ
884,Frame 2,7.016195,>5 Ĺ
885,Frame 1,6.932369,>5 Ĺ
885,Frame 2,6.932369,>5 Ĺ
886,Frame 1,6.750594,>5 Ĺ
886,Frame 2,6.750594,>5 Ĺ
887,Frame 1,7.083112,>5 Ĺ
887,Frame 2,7.083112,>5 Ĺ
888,Frame 1,6.985746,>5 Ĺ
888,Frame 2,6.985746,>5 Ĺ
889,Frame 1,6.853977,>5 Ĺ
889,Frame 2,6.853977,>5 Ĺ
890,Frame 1,6.896649,>5 Ĺ
890,Frame 2,6.896649,>5 Ĺ
891,Frame 1,6.859200,>5 Ĺ
891,Frame 2,6.859200,>5 Ĺ
892,Frame 1,7.097876,>5 Ĺ
892,Frame 2,7.097876,>5 Ĺ
893,Frame 1,6.842522,>5 Ĺ
893,Frame 2,6.842522,>5 Ĺ
894,Frame 1,7.051069,>5 Ĺ
894,Frame 2,7.051069,>5 Ĺ
895,Frame 1,7.097894,>5 Ĺ
895,Frame 2,7.097894,>5 Ĺ
896,Frame 1,7.147841,>5 Ĺ
896,Frame 2,7.147841,>5 Ĺ
897,Frame 1,7.203110,>5 Ĺ
897,Frame 2,7.203110,>5 Ĺ
898,Frame 1,7.205769,>5 Ĺ
898,Frame 2,7.205769,>5 Ĺ
899,Frame 1,7.360772,>5 Ĺ
899,Frame 2,7.360772,>5 Ĺ
900,Frame 1,7.390521,>5 Ĺ
900,Frame 2,7.390521,>5 Ĺ
901,Frame 1,7.251076,>5 Ĺ
901,Frame 2,7.251076,>5 Ĺ
902,Frame 1,7.161962,>5 Ĺ
902,Frame 2,7.161962,>5 Ĺ
903,Frame 1,6.859714,>5 Ĺ
903,Frame 2,6.859714,>5 Ĺ
904,Frame 1,6.596394,>5 Ĺ
904,Frame 2,6.596394,>5 Ĺ
905,Frame 1,6.793459,>5 Ĺ
905,Frame 2,6.793459,>5 Ĺ
906,Frame 1,6.686517,>5 Ĺ
906,Frame 2,6.686517,>5 Ĺ
907,Frame 1,6.623853,>5 Ĺ
907,Frame 2,6.623853,>5 Ĺ
908,Frame 1,6.878714,>5 Ĺ
908,Frame 2,6.878714,>5 Ĺ
909,Frame 1,6.856618,>5 Ĺ
909,Frame 2,6.856618,>5 Ĺ
910,Frame 1,7.002208,>5 Ĺ
910,Frame 2,7.002208,>5 Ĺ
911,Frame 1,6.444545,>5 Ĺ
911,Frame 2,6.444545,>5 Ĺ
912,Frame 1,6.832211,>5 Ĺ
912,Frame 2,6.832211,>5 Ĺ
913,Frame 1,6.764539,>5 Ĺ
913,Frame 2,6.764539,>5 Ĺ
914,Frame 1,6.713272,>5 Ĺ
914,Frame 2,6.713272,>5 Ĺ
915,Frame 1,6.673944,>5 Ĺ
915,Frame 2,6.673944,>5 Ĺ
916,Frame 1,6.779465,>5 Ĺ
916,Frame 2,6.779465,>5 Ĺ
917,Frame 1,6.553229,>5 Ĺ
917,Frame 2,6.553229,>5 Ĺ
918,Frame 1,6.617495,>5 Ĺ
918,Frame 2,6.617495,>5 Ĺ
919,Frame 1,6.355162,>5 Ĺ
919,Frame 2,6.355162,>5 Ĺ
920,Frame 1,6.543068,>5 Ĺ
920,Frame 2,6.543068,>5 Ĺ
921,Frame 1,6.469483,>5 Ĺ
921,Frame 2,6.469483,>5 Ĺ
922,Frame 1,6.928435,>5 Ĺ
922,Frame 2,6.928435,>5 Ĺ
923,Frame 1,6.754077,>5 Ĺ
923,Frame 2,6.754077,>5 Ĺ
924,Frame 1,6.934381,>5 Ĺ
924,Frame 2,6.934381,>5 Ĺ
925,Frame 1,6.682710,>5 Ĺ
925,Frame 2,6.682710,>5 Ĺ
926,Frame 1,6.703717,>5 Ĺ
926,Frame 2,6.703717,>5 Ĺ
927,Frame 1,6.170445,>5 Ĺ
927,Frame 2,6.170445,>5 Ĺ
928,Frame 1,6.706732,>5 Ĺ
928,Frame 2,6.706732,>5 Ĺ
929,Frame 1,6.821522,>5 Ĺ
929,Frame 2,6.821522,>5 Ĺ
930,Frame 1,6.685256,>5 Ĺ
930,Frame 2,6.685256,>5 Ĺ
931,Frame 1,6.487187,>5 Ĺ
931,Frame 2,6.487187,>5 Ĺ
932,Frame 1,6.487499,>5 Ĺ
932,Frame 2,6.487499,>5 Ĺ
933,Frame 1,6.342975,>5 Ĺ
933,Frame 2,6.342975,>5 Ĺ
934,Frame 1,5.871348,>5 Ĺ
934,Frame 2,5.871348,>5 Ĺ
935,Frame 1,5.405341,>5 Ĺ
935,Frame 2,5.405341,>5 Ĺ
936,Frame 1,5.386296,>5 Ĺ
936,Frame 2,5.386296,>5 Ĺ
937,Frame 1,6.326760,>5 Ĺ
937,Frame 2,6.326760,>5 Ĺ
938,Frame 1,6.711576,>5 Ĺ
938,Frame 2,6.711576,>5 Ĺ
939,Frame 1,6.520242,>5 Ĺ
939,Frame 2,6.520242,>5 Ĺ
940,Frame 1,6.273059,>5 Ĺ
940,Frame 2,6.273059,>5 Ĺ
941,Frame 1,6.677365,>5 Ĺ
941,Frame 2,6.677365,>5 Ĺ
942,Frame 1,6.529398,>5 Ĺ
942,Frame 2,6.529398,>5 Ĺ
943,Frame 1,6.698673,>5 Ĺ
943,Frame 2,6.698673,>5 Ĺ
944,Frame 1,6.762361,>5 Ĺ
944,Frame 2,6.762361,>5 Ĺ
945,Frame 1,6.767020,>5 Ĺ
945,Frame 2,6.767020,>5 Ĺ
946,Frame 1,6.507887,>5 Ĺ
946,Frame 2,6.507887,>5 Ĺ
947,Frame 1,6.838982,>5 Ĺ
947,Frame 2,6.838982,>5 Ĺ
948,Frame 1,7.089477,>5 Ĺ
948,Frame 2,7.089477,>5 Ĺ
949,Frame 1,7.093238,>5 Ĺ
949,Frame 2,7.093238,>5 Ĺ
950,Frame 1,7.052359,>5 Ĺ
950,Frame 2,7.052359,>5 Ĺ
951,Frame 1,6.892063,>5 Ĺ
951,Frame 2,6.892063,>5 Ĺ
952,Frame 1,7.035858,>5 Ĺ
952,Frame 2,7.035858,>5 Ĺ
953,Frame 1,6.960926,>5 Ĺ
953,Frame 2,6.960926,>5 Ĺ
954,Frame 1,7.137596,>5 Ĺ
954,Frame 2,7.137596,>5 Ĺ
955,Frame 1,6.590321,>5 Ĺ
955,Frame 2,6.590321,>5 Ĺ
956,Frame 1,6.860592,>5 Ĺ
956,Frame 2,6.860592,>5 Ĺ
957,Frame 1,6.780284,>5 Ĺ
957,Frame 2,6.780284,>5 Ĺ
958,Frame 1,7.272266,>5 Ĺ
958,Frame 2,7.272266,>5 Ĺ
959,Frame 1,6.772864,>5 Ĺ
959,Frame 2,6.772864,>5 Ĺ
960,Frame 1,6.810106,>5 Ĺ
960,Frame 2,6.810106,>5 Ĺ
961,Frame 1,7.027777,>5 Ĺ
961,Frame 2,7.027777,>5 Ĺ
962,Frame 1,7.092193,>5 Ĺ
962,Frame 2,7.092193,>5 Ĺ
963,Frame 1,6.770542,>5 Ĺ
963,Frame 2,6.770542,>5 Ĺ
964,Frame 1,6.935728,>5 Ĺ
964,Frame 2,6.935728,>5 Ĺ
965,Frame 1,6.982664,>5 Ĺ
965,Frame 2,6.982664,>5 Ĺ
966,Frame 1,6.997199,>5 Ĺ
966,Frame 2,6.997199,>5 Ĺ
967,Frame 1,6.762957,>5 Ĺ
967,Frame 2,6.762957,>5 Ĺ
968,Frame 1,6.755464,>5 Ĺ
968,Frame 2,6.755464,>5 Ĺ
969,Frame 1,6.559833,>5 Ĺ
969,Frame 2,6.559833,>5 Ĺ
970,Frame 1,6.712021,>5 Ĺ
970,Frame 2,6.712021,>5 Ĺ
971,Frame 1,6.914966,>5 Ĺ
971,Frame 2,6.914966,>5 Ĺ
972,Frame 1,6.755826,>5 Ĺ
972,Frame 2,6.755826,>5 Ĺ
973,Frame 1,6.663549,>5 Ĺ
973,Frame 2,6.663549,>5 Ĺ
974,Frame 1,6.860284,>5 Ĺ
974,Frame 2,6.860284,>5 Ĺ
975,Frame 1,7.140027,>5 Ĺ
975,Frame 2,7.140027,>5 Ĺ
976,Frame 1,6.887149,>5 Ĺ
976,Frame 2,6.887149,>5 Ĺ
977,Frame 1,7.107145,>5 Ĺ
977,Frame 2,7.107145,>5 Ĺ
978,Frame 1,6.897899,>5 Ĺ
978,Frame 2,6.897899,>5 Ĺ
979,Frame 1,6.708066,>5 Ĺ
979,Frame 2,6.708066,>5 Ĺ
980,Frame 1,5.730455,>5 Ĺ
980,Frame 2,5.730455,>5 Ĺ
981,Frame 1,6.514700,>5 Ĺ
981,Frame 2,6.514700,>5 Ĺ
982,Frame 1,6.704910,>5 Ĺ
982,Frame 2,6.704910,>5 Ĺ
983,Frame 1,6.687542,>5 Ĺ
983,Frame 2,6.687542,>5 Ĺ
984,Frame 1,6.481157,>5 Ĺ
984,Frame 2,6.481157,>5 Ĺ
985,Frame 1,6.884071,>5 Ĺ
985,Frame 2,6.884071,>5 Ĺ
986,Frame 1,6.684105,>5 Ĺ
986,Frame 2,6.684105,>5 Ĺ
987,Frame 1,7.130710,>5 Ĺ
987,Frame 2,7.130710,>5 Ĺ
988,Frame 1,6.731957,>5 Ĺ
988,Frame 2,6.731957,>5 Ĺ
989,Frame 1,6.969931,>5 Ĺ
989,Frame 2,6.969931,>5 Ĺ
990,Frame 1,7.068637,>5 Ĺ
990,Frame 2,7.068637,>5 Ĺ
991,Frame 1,7.084867,>5 Ĺ
991,Frame 2,7.084867,>5 Ĺ
992,Frame 1,7.432806,>5 Ĺ
992,Frame 2,7.432806,>5 Ĺ
993,Frame 1,7.267659,>5 Ĺ
993,Frame 2,7.267659,>5 Ĺ
994,Frame 1,7.291509,>5 Ĺ
994,Frame 2,7.291509,>5 Ĺ
995,Frame 1,7.401213,>5 Ĺ
995,Frame 2,7.401213,>5 Ĺ
996,Frame 1,7.173880,>5 Ĺ
996,Frame 2,7.173880,>5 Ĺ
997,Frame 1,6.931139,>5 Ĺ
997,Frame 2,6.931139,>5 Ĺ
998,Frame 1,7.316258,>5 Ĺ
998,Frame 2,7.316258,>5 Ĺ
999,Frame 1,7.288992,>5 Ĺ
999,Frame 2,7.288992,>5 Ĺ
1000,Frame 1,7.072731,>5 Ĺ
1000,Frame 2,7.072731,>5 Ĺ
1001,Frame 1,7.237018,>5 Ĺ
1001,Frame 2,7.237018,>5 Ĺ
1002,Frame 1,7.160172,>5 Ĺ
1002,Frame 2,7.160172,>5 Ĺ
